,timestamp,sex,age,first language,bird [chicken],bird [crow],bird [dove],bird [duck],bird [flamingo],bird [gull],bird [hawk],bird [kiwi],bird [lark],bird [ostrich],bird [parakeet],bird [penguin],bird [pheasant],bird [rhea],bird [skimmer],bird [skua],bird [sparrow],bird [swan],bird [vulture],bird [wren],mammal [aardvark],mammal [antelope],mammal [bear],mammal [boar],mammal [buffalo],mammal [calf],mammal [cavy],mammal [cheetah],mammal [deer],mammal [dolphin],mammal [elephant],mammal [fruitbat],mammal [giraffe],mammal [goat],mammal [gorilla],mammal [hamster],mammal [hare],mammal [leopard],mammal [lion],mammal [lynx],mammal [mink],mammal [mole],mammal [mongoose],mammal [opossum],mammal [oryx],mammal [platypus],mammal [polecat],mammal [pony],mammal [porpoise],mammal [puma],mammal [pussycat],mammal [raccoon],mammal [reindeer],mammal [seal],mammal [sealion],mammal [squirrel],mammal [vampire],mammal [vole],mammal [wallaby],mammal [wolf],fish [bass],fish [carp],fish [catfish],fish [chub],fish [dogfish],fish [haddock],fish [herring],fish [pike],fish [piranha],fish [seahorse],fish [sole],fish [stingray],fish [tuna]
0,4.2.2021 10:58:59,man,20,CS,4.0,5.0,4.0,3.0,2.0,2.0,4.0,3.0,5.0,4.0,5.0,3.0,3.0,,1.0,3.0,5.0,3.0,3.0,,,5.0,4.0,5.0,,4.0,2.0,4.0,5.0,3.0,4.0,3.0,5.0,5.0,4.0,4.0,2.0,1.0,5.0,4.0,2.0,3.0,,3.0,,5.0,3.0,3.0,2.0,3.0,3.0,3.0,3.0,4.0,2.0,2.0,3.0,3.0,2.0,4.0,5.0,5.0,4.0,4.0,2.0,5.0,3.0,4.0,4.0,3.0,,3.0,4.0
1,4.2.2021 10:59:20,man,19,CS,3.0,4.0,5.0,5.0,4.0,5.0,2.0,3.0,2.0,3.0,5.0,5.0,5.0,2.0,3.0,1.0,4.0,5.0,5.0,1.0,1.0,4.0,5.0,3.0,2.0,4.0,2.0,3.0,3.0,5.0,4.0,2.0,4.0,3.0,4.0,2.0,3.0,3.0,4.0,3.0,3.0,2.0,1.0,2.0,1.0,1.0,3.0,2.0,2.0,2.0,5.0,3.0,3.0,3.0,2.0,2.0,1.0,2.0,5.0,5.0,3.0,5.0,3.0,1.0,2.0,3.0,3.0,4.0,5.0,1.0,1.0,2.0,3.0
2,4.2.2021 10:59:21,man,22,CS,3.0,5.0,5.0,4.0,2.0,5.0,5.0,4.0,5.0,3.0,5.0,2.0,3.0,,,,5.0,4.0,5.0,,,3.0,5.0,3.0,3.0,5.0,5.0,5.0,3.0,1.0,3.0,,3.0,5.0,5.0,5.0,4.0,5.0,5.0,4.0,5.0,4.0,,5.0,,2.0,5.0,2.0,,5.0,5.0,5.0,3.0,2.0,2.0,5.0,,5.0,5.0,5.0,,5.0,4.0,,,5.0,5.0,5.0,3.0,2.0,,3.0,3.0
3,4.2.2021 10:59:27,woman,25,CS,2.0,5.0,4.0,2.0,1.0,2.0,4.0,2.0,5.0,2.0,3.0,2.0,3.0,1.0,1.0,1.0,5.0,2.0,2.0,2.0,1.0,2.0,5.0,3.0,2.0,5.0,4.0,2.0,3.0,5.0,2.0,1.0,4.0,4.0,4.0,3.0,4.0,2.0,4.0,2.0,2.0,3.0,1.0,2.0,1.0,1.0,1.0,2.0,1.0,1.0,5.0,2.0,2.0,2.0,2.0,2.0,1.0,3.0,4.0,4.0,5.0,5.0,3.0,,,4.0,2.0,5.0,2.0,1.0,,1.0,3.0
4,4.2.2021 11:00:03,man,19,SK,5.0,5.0,5.0,5.0,4.0,4.0,5.0,3.0,5.0,3.0,5.0,3.0,4.0,3.0,4.0,5.0,5.0,5.0,5.0,5.0,4.0,5.0,5.0,5.0,5.0,5.0,4.0,5.0,5.0,3.0,5.0,1.0,5.0,5.0,5.0,4.0,4.0,5.0,5.0,5.0,4.0,4.0,3.0,5.0,5.0,1.0,5.0,5.0,2.0,5.0,5.0,5.0,5.0,3.0,3.0,4.0,1.0,4.0,3.0,5.0,5.0,5.0,5.0,5.0,5.0,5.0,5.0,5.0,5.0,2.0,2.0,5.0,5.0
5,4.2.2021 11:01:43,man,24,CS,4.0,5.0,5.0,3.0,3.0,4.0,5.0,2.0,4.0,3.0,5.0,2.0,4.0,3.0,,,5.0,3.0,5.0,,,5.0,5.0,5.0,5.0,5.0,5.0,5.0,5.0,2.0,5.0,3.0,5.0,5.0,5.0,5.0,5.0,5.0,5.0,5.0,4.0,4.0,1.0,4.0,5.0,1.0,4.0,5.0,2.0,5.0,5.0,4.0,5.0,3.0,3.0,5.0,3.0,5.0,1.0,5.0,5.0,5.0,5.0,,,5.0,5.0,5.0,5.0,2.0,,2.0,5.0
6,4.2.2021 11:01:53,man,19,CS,3.0,3.0,3.0,2.0,2.0,3.0,2.0,1.0,2.0,2.0,2.0,3.0,2.0,1.0,1.0,1.0,5.0,2.0,2.0,1.0,1.0,,3.0,3.0,1.0,3.0,2.0,2.0,3.0,4.0,1.0,1.0,2.0,3.0,4.0,2.0,2.0,2.0,2.0,2.0,1.0,3.0,1.0,2.0,1.0,3.0,2.0,1.0,1.0,2.0,3.0,2.0,1.0,4.0,4.0,4.0,3.0,2.0,2.0,2.0,2.0,5.0,3.0,1.0,2.0,2.0,2.0,4.0,3.0,1.0,1.0,3.0,3.0
7,4.2.2021 11:02:28,woman,21,CS,4.0,4.0,2.0,3.0,2.0,4.0,4.0,1.0,5.0,2.0,3.0,1.0,3.0,2.0,,2.0,5.0,4.0,2.0,,2.0,4.0,4.0,4.0,3.0,5.0,3.0,3.0,3.0,2.0,5.0,,5.0,4.0,4.0,4.0,4.0,3.0,5.0,4.0,2.0,2.0,,3.0,,1.0,2.0,4.0,,3.0,5.0,3.0,4.0,3.0,2.0,4.0,1.0,2.0,4.0,5.0,4.0,5.0,5.0,,,5.0,2.0,5.0,3.0,1.0,2.0,2.0,4.0
8,4.2.2021 11:02:51,woman,18,CS,5.0,4.0,5.0,5.0,3.0,4.0,2.0,3.0,5.0,4.0,3.0,2.0,5.0,2.0,,,4.0,4.0,4.0,3.0,,3.0,3.0,3.0,2.0,4.0,3.0,2.0,2.0,3.0,1.0,,2.0,5.0,2.0,4.0,5.0,2.0,1.0,2.0,3.0,4.0,,4.0,,2.0,3.0,1.0,,2.0,5.0,4.0,2.0,3.0,2.0,5.0,1.0,3.0,2.0,1.0,,5.0,2.0,,,3.0,3.0,4.0,1.0,1.0,,2.0,4.0
9,4.2.2021 11:02:58,man,21,CS,2.0,5.0,4.0,4.0,3.0,4.0,4.0,1.0,5.0,1.0,3.0,2.0,1.0,2.0,,,5.0,4.0,4.0,,3.0,4.0,5.0,4.0,4.0,5.0,2.0,4.0,5.0,1.0,5.0,1.0,4.0,5.0,5.0,3.0,4.0,4.0,4.0,4.0,3.0,2.0,1.0,1.0,,1.0,4.0,4.0,2.0,4.0,5.0,3.0,4.0,4.0,2.0,2.0,1.0,3.0,3.0,4.0,5.0,5.0,5.0,4.0,,5.0,3.0,4.0,4.0,1.0,,2.0,5.0
10,4.2.2021 11:03:24,man,23,CS,3.0,5.0,5.0,4.0,3.0,5.0,4.0,3.0,4.0,3.0,5.0,2.0,3.0,,,,5.0,4.0,4.0,,,3.0,5.0,5.0,5.0,5.0,2.0,4.0,4.0,4.0,5.0,,5.0,5.0,5.0,2.0,5.0,4.0,5.0,4.0,3.0,2.0,2.0,3.0,2.0,1.0,3.0,4.0,2.0,4.0,5.0,3.0,4.0,4.0,4.0,3.0,1.0,2.0,4.0,5.0,4.0,5.0,5.0,3.0,3.0,4.0,4.0,5.0,4.0,2.0,,3.0,4.0
11,4.2.2021 11:05:23,man,21,CS,4.0,5.0,5.0,5.0,4.0,,5.0,4.0,4.0,,5.0,,3.0,4.0,,1.0,5.0,4.0,4.0,3.0,3.0,4.0,5.0,4.0,4.0,5.0,4.0,5.0,4.0,5.0,5.0,2.0,4.0,4.0,5.0,4.0,4.0,4.0,5.0,4.0,3.0,4.0,2.0,4.0,4.0,3.0,3.0,4.0,3.0,4.0,3.0,4.0,4.0,3.0,3.0,2.0,2.0,4.0,4.0,5.0,5.0,5.0,4.0,3.0,4.0,5.0,4.0,5.0,4.0,2.0,1.0,4.0,5.0
12,4.2.2021 11:06:30,man,20,CS,5.0,5.0,5.0,5.0,5.0,5.0,5.0,5.0,5.0,5.0,5.0,5.0,5.0,5.0,,,5.0,5.0,5.0,,,5.0,5.0,5.0,5.0,5.0,5.0,5.0,5.0,5.0,5.0,5.0,5.0,5.0,5.0,5.0,5.0,5.0,5.0,5.0,5.0,5.0,,1.0,5.0,1.0,5.0,5.0,5.0,5.0,5.0,5.0,5.0,5.0,5.0,5.0,5.0,5.0,1.0,5.0,5.0,5.0,5.0,5.0,,5.0,5.0,5.0,5.0,4.0,,1.0,5.0
13,4.2.2021 11:08:23,man,20,CS,4.0,4.0,5.0,5.0,3.0,4.0,4.0,3.0,4.0,3.0,4.0,2.0,3.0,2.0,2.0,1.0,4.0,3.0,2.0,3.0,3.0,4.0,5.0,3.0,3.0,5.0,5.0,4.0,4.0,2.0,4.0,2.0,4.0,4.0,3.0,4.0,4.0,4.0,4.0,4.0,3.0,4.0,2.0,3.0,3.0,3.0,3.0,4.0,3.0,3.0,5.0,4.0,4.0,4.0,2.0,5.0,2.0,4.0,4.0,3.0,4.0,5.0,4.0,,,3.0,3.0,4.0,5.0,3.0,,4.0,5.0
14,4.2.2021 11:11:13,man,20,CS,4.0,5.0,5.0,4.0,4.0,5.0,5.0,2.0,5.0,3.0,5.0,3.0,4.0,,,,5.0,4.0,5.0,5.0,5.0,5.0,5.0,5.0,5.0,5.0,5.0,5.0,5.0,3.0,5.0,,5.0,5.0,5.0,5.0,5.0,5.0,5.0,5.0,5.0,5.0,5.0,5.0,5.0,4.0,5.0,5.0,3.0,5.0,5.0,5.0,5.0,5.0,5.0,5.0,5.0,5.0,5.0,5.0,5.0,5.0,5.0,,,5.0,5.0,5.0,5.0,4.0,,4.0,5.0
15,4.2.2021 11:11:17,man,21,CS,2.0,5.0,5.0,2.0,3.0,5.0,5.0,2.0,4.0,2.0,5.0,1.0,2.0,,,,5.0,3.0,4.0,,2.0,5.0,5.0,5.0,4.0,5.0,3.0,4.0,4.0,1.0,3.0,,2.0,5.0,5.0,3.0,5.0,4.0,4.0,3.0,,2.0,,3.0,,1.0,4.0,4.0,,4.0,5.0,3.0,3.0,2.0,2.0,4.0,1.0,2.0,5.0,5.0,5.0,5.0,4.0,,,5.0,,5.0,4.0,1.0,1.0,3.0,4.0
16,4.2.2021 11:14:38,man,27,CS,4.0,5.0,5.0,5.0,1.0,4.0,4.0,1.0,4.0,1.0,5.0,1.0,4.0,1.0,2.0,1.0,5.0,4.0,1.0,4.0,3.0,1.0,3.0,4.0,1.0,1.0,5.0,1.0,4.0,1.0,1.0,3.0,1.0,4.0,1.0,5.0,4.0,1.0,1.0,1.0,4.0,3.0,2.0,3.0,3.0,1.0,1.0,3.0,3.0,1.0,4.0,1.0,2.0,1.0,2.0,4.0,3.0,5.0,1.0,3.0,5.0,5.0,5.0,1.0,5.0,1.0,3.0,4.0,1.0,1.0,1.0,1.0,2.0
17,4.2.2021 11:17:26,man,19,CS,5.0,5.0,5.0,5.0,5.0,5.0,5.0,4.0,5.0,3.0,5.0,3.0,4.0,3.0,,3.0,5.0,5.0,5.0,3.0,,3.0,5.0,4.0,4.0,5.0,5.0,4.0,4.0,4.0,5.0,2.0,4.0,5.0,5.0,5.0,5.0,5.0,5.0,5.0,3.0,3.0,3.0,2.0,3.0,1.0,3.0,4.0,,4.0,5.0,5.0,4.0,3.0,3.0,3.0,1.0,4.0,2.0,5.0,5.0,5.0,5.0,,,5.0,4.0,5.0,5.0,2.0,,3.0,5.0
18,4.2.2021 11:21:21,woman,19,CS,2.0,5.0,5.0,2.0,3.0,5.0,3.0,4.0,5.0,3.0,5.0,2.0,3.0,,,1.0,5.0,3.0,4.0,2.0,4.0,2.0,5.0,5.0,3.0,5.0,4.0,4.0,5.0,3.0,3.0,3.0,4.0,3.0,5.0,4.0,5.0,4.0,4.0,2.0,1.0,2.0,3.0,3.0,,3.0,4.0,3.0,5.0,3.0,5.0,5.0,4.0,3.0,4.0,3.0,2.0,4.0,4.0,4.0,4.0,5.0,5.0,3.0,3.0,2.0,3.0,5.0,5.0,2.0,1.0,4.0,4.0
19,4.2.2021 11:22:01,woman,23,SK,4.0,5.0,5.0,5.0,5.0,,5.0,,,3.0,5.0,3.0,3.0,,,1.0,5.0,5.0,5.0,,,2.0,3.0,,,4.0,5.0,2.0,4.0,1.0,2.0,,1.0,5.0,5.0,2.0,2.0,3.0,2.0,2.0,,2.0,,,,1.0,1.0,1.0,,2.0,5.0,,1.0,4.0,1.0,1.0,3.0,2.0,1.0,4.0,4.0,5.0,5.0,,2.0,5.0,5.0,5.0,4.0,1.0,,,5.0
20,4.2.2021 11:23:47,woman,21,CS,3.0,5.0,4.0,3.0,3.0,4.0,5.0,2.0,5.0,3.0,4.0,4.0,4.0,3.0,,,5.0,3.0,5.0,,3.0,4.0,5.0,4.0,4.0,4.0,3.0,5.0,5.0,3.0,3.0,2.0,4.0,4.0,5.0,4.0,5.0,4.0,5.0,5.0,4.0,3.0,,3.0,,3.0,4.0,5.0,,5.0,5.0,2.0,4.0,3.0,3.0,4.0,1.0,3.0,3.0,5.0,5.0,5.0,5.0,,,5.0,5.0,5.0,5.0,3.0,,3.0,5.0
21,4.2.2021 11:26:14,man,24,CS,5.0,5.0,4.0,5.0,2.0,2.0,2.0,1.0,2.0,2.0,3.0,2.0,4.0,,,,5.0,4.0,2.0,1.0,1.0,3.0,5.0,4.0,3.0,5.0,5.0,2.0,5.0,4.0,4.0,,4.0,5.0,4.0,5.0,5.0,3.0,5.0,4.0,2.0,5.0,1.0,2.0,,2.0,3.0,4.0,1.0,3.0,5.0,5.0,3.0,3.0,3.0,4.0,,2.0,5.0,5.0,5.0,5.0,5.0,,,4.0,3.0,5.0,4.0,3.0,,2.0,3.0
22,4.2.2021 11:30:00,man,23,CS,3.0,4.0,4.0,4.0,2.0,4.0,3.0,1.0,1.0,2.0,2.0,2.0,3.0,1.0,1.0,1.0,2.0,3.0,3.0,1.0,3.0,2.0,2.0,2.0,2.0,3.0,2.0,2.0,2.0,3.0,2.0,1.0,2.0,2.0,2.0,2.0,3.0,2.0,2.0,2.0,2.0,2.0,1.0,2.0,2.0,1.0,1.0,2.0,1.0,2.0,3.0,2.0,2.0,2.0,2.0,3.0,5.0,2.0,2.0,2.0,2.0,4.0,3.0,1.0,1.0,3.0,2.0,3.0,2.0,1.0,1.0,1.0,4.0
23,4.2.2021 11:30:23,man,23,CS,5.0,5.0,5.0,5.0,4.0,5.0,5.0,5.0,5.0,5.0,5.0,5.0,5.0,3.0,4.0,1.0,5.0,5.0,5.0,3.0,5.0,5.0,5.0,5.0,5.0,5.0,5.0,5.0,5.0,5.0,5.0,5.0,5.0,5.0,5.0,5.0,5.0,5.0,5.0,5.0,5.0,5.0,1.0,5.0,5.0,5.0,5.0,5.0,5.0,5.0,5.0,5.0,5.0,5.0,5.0,5.0,5.0,5.0,5.0,5.0,5.0,5.0,5.0,,4.0,5.0,5.0,5.0,5.0,3.0,3.0,5.0,5.0
24,4.2.2021 11:33:32,man,19,CS,5.0,5.0,5.0,5.0,3.0,5.0,5.0,2.0,3.0,2.0,5.0,3.0,3.0,,2.0,3.0,5.0,4.0,4.0,2.0,3.0,5.0,5.0,5.0,4.0,5.0,4.0,4.0,5.0,5.0,5.0,2.0,5.0,5.0,5.0,3.0,5.0,4.0,5.0,4.0,4.0,2.0,4.0,4.0,4.0,4.0,4.0,5.0,3.0,4.0,5.0,3.0,5.0,4.0,3.0,4.0,,3.0,5.0,1.0,5.0,5.0,5.0,3.0,4.0,5.0,4.0,5.0,5.0,1.0,,4.0,5.0
25,4.2.2021 11:37:03,woman,25,CS,4.0,4.0,4.0,4.0,3.0,4.0,3.0,2.0,4.0,2.0,3.0,2.0,3.0,1.0,1.0,2.0,5.0,3.0,3.0,,,3.0,5.0,3.0,4.0,5.0,3.0,3.0,4.0,3.0,5.0,,4.0,5.0,5.0,4.0,4.0,3.0,5.0,3.0,2.0,5.0,3.0,2.0,,1.0,2.0,5.0,2.0,3.0,5.0,4.0,4.0,3.0,3.0,5.0,,5.0,3.0,4.0,4.0,5.0,4.0,,,3.0,4.0,4.0,2.0,2.0,,3.0,4.0
26,4.2.2021 11:42:40,man,25,CS,3.0,3.0,3.0,3.0,2.0,4.0,3.0,1.0,3.0,1.0,3.0,2.0,3.0,1.0,2.0,1.0,3.0,3.0,2.0,1.0,3.0,2.0,3.0,3.0,3.0,3.0,3.0,2.0,3.0,3.0,1.0,1.0,1.0,3.0,2.0,3.0,3.0,1.0,2.0,3.0,2.0,2.0,1.0,1.0,,1.0,2.0,3.0,1.0,1.0,3.0,3.0,3.0,1.0,3.0,3.0,1.0,3.0,1.0,3.0,5.0,5.0,5.0,1.0,2.0,5.0,5.0,5.0,4.0,1.0,,3.0,5.0
27,4.2.2021 11:43:07,woman,21,SK,5.0,5.0,5.0,5.0,5.0,5.0,5.0,3.0,2.0,5.0,5.0,5.0,5.0,1.0,1.0,1.0,5.0,5.0,5.0,3.0,3.0,4.0,5.0,5.0,5.0,5.0,5.0,5.0,5.0,2.0,5.0,1.0,5.0,5.0,5.0,5.0,5.0,5.0,5.0,5.0,,2.0,1.0,3.0,,2.0,5.0,5.0,2.0,5.0,5.0,5.0,5.0,4.0,2.0,4.0,5.0,5.0,3.0,5.0,2.0,5.0,5.0,,3.0,5.0,5.0,5.0,5.0,4.0,,5.0,5.0
28,4.2.2021 11:45:20,man,21,SK,4.0,4.0,3.0,4.0,1.0,1.0,2.0,1.0,,1.0,4.0,1.0,2.0,,,,4.0,3.0,1.0,,,1.0,4.0,1.0,1.0,3.0,2.0,1.0,4.0,1.0,1.0,,1.0,4.0,1.0,2.0,4.0,1.0,1.0,2.0,,4.0,1.0,1.0,,1.0,1.0,1.0,4.0,1.0,4.0,3.0,1.0,1.0,1.0,4.0,1.0,1.0,1.0,4.0,,4.0,2.0,,,1.0,1.0,4.0,1.0,1.0,,,1.0
29,4.2.2021 11:57:41,man,21,CS,5.0,5.0,5.0,4.0,3.0,4.0,4.0,2.0,5.0,2.0,5.0,3.0,3.0,2.0,2.0,3.0,5.0,3.0,3.0,2.0,4.0,4.0,5.0,5.0,4.0,5.0,4.0,5.0,5.0,3.0,5.0,2.0,4.0,5.0,5.0,4.0,5.0,4.0,5.0,4.0,4.0,3.0,3.0,3.0,3.0,1.0,4.0,5.0,2.0,3.0,5.0,4.0,4.0,3.0,3.0,5.0,2.0,4.0,3.0,5.0,4.0,5.0,5.0,3.0,3.0,4.0,4.0,5.0,2.0,1.0,2.0,3.0,5.0
30,4.2.2021 12:19:19,man,20,CS,4.0,5.0,5.0,4.0,5.0,5.0,5.0,4.0,5.0,4.0,5.0,2.0,4.0,3.0,,1.0,5.0,4.0,5.0,5.0,3.0,4.0,3.0,4.0,4.0,5.0,3.0,3.0,3.0,4.0,4.0,3.0,4.0,5.0,5.0,3.0,3.0,4.0,3.0,3.0,3.0,3.0,,3.0,4.0,4.0,3.0,4.0,3.0,4.0,4.0,3.0,4.0,3.0,4.0,3.0,4.0,3.0,4.0,3.0,5.0,5.0,5.0,,3.0,5.0,5.0,5.0,4.0,1.0,,4.0,5.0
31,4.2.2021 12:30:33,woman,20,CS,4.0,5.0,5.0,5.0,3.0,5.0,5.0,3.0,5.0,3.0,4.0,3.0,4.0,,,,5.0,5.0,3.0,3.0,,4.0,5.0,4.0,4.0,5.0,5.0,5.0,5.0,2.0,4.0,,5.0,4.0,4.0,5.0,4.0,4.0,4.0,4.0,3.0,2.0,,2.0,,1.0,4.0,5.0,,4.0,5.0,4.0,4.0,2.0,2.0,2.0,,2.0,3.0,5.0,5.0,5.0,5.0,,,5.0,5.0,5.0,4.0,1.0,,2.0,5.0
32,4.2.2021 12:37:37,man,26,CS,5.0,5.0,5.0,5.0,2.0,3.0,5.0,2.0,3.0,3.0,5.0,5.0,5.0,,,1.0,5.0,5.0,2.0,,,,3.0,,,,,,1.0,5.0,,,,1.0,,3.0,1.0,1.0,1.0,1.0,,1.0,,,,1.0,,,,1.0,1.0,,1.0,,3.0,5.0,5.0,,5.0,,5.0,5.0,5.0,,,2.0,,5.0,5.0,3.0,,5.0,5.0
33,4.2.2021 12:42:18,man,21,SK,5.0,5.0,5.0,5.0,5.0,5.0,5.0,2.0,,4.0,5.0,2.0,4.0,2.0,,,5.0,5.0,5.0,,,5.0,5.0,4.0,5.0,5.0,4.0,3.0,5.0,4.0,5.0,,5.0,5.0,4.0,3.0,5.0,3.0,4.0,3.0,2.0,2.0,,3.0,,1.0,3.0,2.0,,3.0,5.0,2.0,2.0,2.0,2.0,4.0,1.0,3.0,3.0,5.0,,5.0,5.0,,4.0,5.0,5.0,5.0,5.0,3.0,,,5.0
34,4.2.2021 12:44:10,man,23,CS,5.0,5.0,5.0,5.0,2.0,4.0,3.0,1.0,5.0,3.0,4.0,2.0,3.0,,,,5.0,3.0,3.0,,,3.0,4.0,4.0,2.0,4.0,3.0,3.0,4.0,2.0,3.0,1.0,4.0,4.0,4.0,4.0,4.0,3.0,4.0,3.0,3.0,3.0,,2.0,,2.0,2.0,4.0,,3.0,5.0,3.0,4.0,3.0,2.0,4.0,1.0,4.0,,4.0,4.0,5.0,4.0,,,4.0,3.0,4.0,3.0,1.0,,1.0,5.0
35,4.2.2021 13:35:00,man,30,CS,2.0,5.0,5.0,2.0,4.0,4.0,4.0,4.0,5.0,1.0,5.0,1.0,3.0,,,,5.0,5.0,5.0,4.0,5.0,5.0,5.0,5.0,5.0,5.0,5.0,5.0,5.0,5.0,5.0,4.0,5.0,5.0,5.0,5.0,5.0,5.0,5.0,5.0,5.0,2.0,,5.0,,1.0,4.0,5.0,3.0,5.0,5.0,5.0,5.0,2.0,1.0,5.0,2.0,5.0,5.0,5.0,5.0,5.0,5.0,5.0,5.0,5.0,5.0,5.0,5.0,1.0,,3.0,1.0
36,4.2.2021 13:40:49,woman,24,CS,2.0,4.0,5.0,3.0,2.0,4.0,3.0,2.0,5.0,2.0,5.0,2.0,2.0,1.0,3.0,1.0,5.0,2.0,1.0,5.0,2.0,2.0,5.0,3.0,4.0,5.0,3.0,2.0,3.0,5.0,3.0,,1.0,5.0,4.0,2.0,4.0,3.0,4.0,3.0,2.0,2.0,,5.0,,2.0,2.0,3.0,,3.0,4.0,2.0,3.0,2.0,2.0,2.0,4.0,2.0,3.0,3.0,3.0,5.0,3.0,,,4.0,4.0,5.0,4.0,2.0,,3.0,5.0
37,4.2.2021 13:44:47,woman,20,CS,3.0,5.0,5.0,3.0,2.0,5.0,5.0,1.0,4.0,1.0,4.0,1.0,3.0,1.0,,4.0,4.0,3.0,4.0,,3.0,5.0,5.0,5.0,5.0,5.0,5.0,5.0,5.0,1.0,4.0,1.0,2.0,5.0,4.0,5.0,5.0,5.0,5.0,5.0,5.0,2.0,,2.0,,1.0,3.0,5.0,1.0,5.0,5.0,5.0,5.0,1.0,1.0,5.0,1.0,5.0,2.0,5.0,5.0,5.0,3.0,,,4.0,4.0,4.0,3.0,1.0,,1.0,5.0
38,4.2.2021 13:50:35,man,38,CS,5.0,5.0,5.0,,3.0,5.0,5.0,4.0,5.0,3.0,5.0,2.0,4.0,,,,5.0,5.0,5.0,3.0,,5.0,5.0,5.0,5.0,5.0,5.0,5.0,5.0,4.0,5.0,,5.0,5.0,5.0,4.0,5.0,5.0,5.0,3.0,1.0,4.0,2.0,3.0,,1.0,3.0,5.0,2.0,5.0,5.0,5.0,5.0,3.0,1.0,5.0,,4.0,5.0,5.0,5.0,5.0,5.0,1.0,1.0,5.0,5.0,5.0,5.0,1.0,1.0,5.0,3.0
39,4.2.2021 14:25:23,man,20,CS,5.0,5.0,4.0,5.0,2.0,4.0,1.0,1.0,1.0,3.0,3.0,4.0,3.0,,,,5.0,4.0,4.0,1.0,,3.0,5.0,3.0,2.0,5.0,3.0,3.0,4.0,4.0,4.0,,4.0,5.0,2.0,4.0,4.0,2.0,4.0,3.0,,4.0,,1.0,,2.0,1.0,3.0,,4.0,5.0,3.0,3.0,2.0,2.0,4.0,,1.0,3.0,4.0,1.0,5.0,4.0,1.0,1.0,4.0,2.0,5.0,5.0,2.0,1.0,3.0,4.0
40,4.2.2021 14:41:29,man,19,CS,5.0,3.0,3.0,5.0,2.0,4.0,3.0,3.0,4.0,2.0,5.0,4.0,5.0,,,,5.0,3.0,2.0,,4.0,4.0,4.0,4.0,3.0,5.0,4.0,3.0,3.0,3.0,4.0,2.0,5.0,4.0,4.0,5.0,4.0,4.0,4.0,3.0,2.0,4.0,3.0,4.0,1.0,1.0,3.0,2.0,2.0,2.0,5.0,3.0,3.0,4.0,3.0,4.0,1.0,4.0,4.0,3.0,3.0,5.0,5.0,1.0,2.0,3.0,4.0,4.0,3.0,2.0,1.0,3.0,4.0
41,4.2.2021 14:44:47,man,20,CS,4.0,5.0,5.0,4.0,3.0,5.0,5.0,3.0,5.0,3.0,5.0,2.0,4.0,3.0,3.0,1.0,5.0,4.0,4.0,4.0,3.0,3.0,5.0,5.0,4.0,5.0,3.0,5.0,5.0,5.0,5.0,2.0,5.0,3.0,5.0,3.0,5.0,5.0,5.0,4.0,1.0,2.0,1.0,1.0,1.0,1.0,3.0,3.0,1.0,5.0,5.0,3.0,3.0,3.0,3.0,3.0,1.0,3.0,3.0,5.0,5.0,5.0,5.0,1.0,1.0,5.0,5.0,5.0,5.0,2.0,1.0,5.0,5.0
42,4.2.2021 14:53:49,man,39,CS,4.0,5.0,5.0,5.0,4.0,5.0,4.0,4.0,5.0,4.0,5.0,4.0,4.0,3.0,,,5.0,4.0,5.0,5.0,,5.0,5.0,5.0,5.0,5.0,5.0,5.0,5.0,3.0,3.0,5.0,5.0,5.0,5.0,5.0,5.0,5.0,5.0,5.0,5.0,4.0,,4.0,,2.0,5.0,5.0,,5.0,5.0,4.0,5.0,2.0,1.0,5.0,2.0,5.0,5.0,5.0,5.0,5.0,4.0,,,4.0,5.0,5.0,4.0,2.0,,3.0,5.0
43,4.2.2021 14:54:05,man,21,CS,4.0,4.0,4.0,4.0,3.0,5.0,4.0,3.0,5.0,2.0,4.0,2.0,3.0,2.0,,4.0,5.0,4.0,3.0,,,4.0,3.0,4.0,4.0,5.0,4.0,4.0,4.0,3.0,3.0,3.0,3.0,4.0,3.0,4.0,3.0,3.0,4.0,4.0,,2.0,,1.0,3.0,1.0,3.0,4.0,2.0,3.0,4.0,4.0,3.0,3.0,2.0,3.0,,3.0,2.0,4.0,4.0,5.0,4.0,,,3.0,3.0,4.0,4.0,2.0,,2.0,3.0
44,4.2.2021 14:59:48,woman,19,CS,4.0,5.0,3.0,4.0,3.0,4.0,2.0,3.0,5.0,2.0,5.0,1.0,3.0,,,,5.0,3.0,5.0,,,3.0,4.0,1.0,1.0,5.0,5.0,2.0,3.0,1.0,5.0,1.0,4.0,5.0,4.0,5.0,5.0,2.0,5.0,2.0,4.0,3.0,,2.0,,2.0,3.0,4.0,,2.0,5.0,4.0,3.0,2.0,2.0,3.0,,3.0,4.0,5.0,4.0,5.0,4.0,,,4.0,3.0,5.0,5.0,1.0,,1.0,4.0
45,4.2.2021 15:16:12,woman,21,SK,5.0,5.0,5.0,5.0,4.0,5.0,4.0,3.0,5.0,4.0,5.0,3.0,4.0,,,,5.0,5.0,4.0,,3.0,4.0,5.0,5.0,4.0,5.0,5.0,5.0,4.0,1.0,4.0,1.0,4.0,5.0,5.0,5.0,5.0,5.0,5.0,5.0,3.0,5.0,3.0,4.0,4.0,1.0,4.0,5.0,,5.0,5.0,4.0,4.0,3.0,4.0,5.0,1.0,3.0,5.0,5.0,5.0,5.0,5.0,,5.0,5.0,5.0,5.0,5.0,1.0,,,5.0
46,4.2.2021 16:12:02,man,21,CS,5.0,4.0,5.0,5.0,3.0,4.0,3.0,2.0,3.0,3.0,4.0,4.0,5.0,,2.0,,5.0,4.0,3.0,,,3.0,5.0,4.0,2.0,5.0,3.0,3.0,5.0,5.0,5.0,,5.0,5.0,4.0,3.0,5.0,3.0,5.0,3.0,2.0,5.0,,3.0,,4.0,3.0,3.0,2.0,4.0,5.0,5.0,3.0,3.0,3.0,5.0,,,5.0,4.0,3.0,4.0,4.0,,,3.0,3.0,4.0,5.0,5.0,,5.0,3.0
47,4.2.2021 16:34:53,woman,36,CS,3.0,5.0,5.0,4.0,4.0,5.0,5.0,2.0,5.0,3.0,5.0,2.0,4.0,3.0,,,5.0,4.0,5.0,5.0,5.0,5.0,5.0,5.0,5.0,5.0,5.0,5.0,5.0,2.0,5.0,2.0,5.0,5.0,5.0,5.0,5.0,5.0,5.0,5.0,5.0,5.0,5.0,5.0,5.0,2.0,5.0,5.0,3.0,5.0,5.0,5.0,5.0,3.0,3.0,5.0,2.0,5.0,5.0,5.0,5.0,5.0,5.0,5.0,,5.0,5.0,5.0,5.0,2.0,2.0,2.0,4.0
48,4.2.2021 16:36:11,man,21,CS,3.0,5.0,5.0,4.0,4.0,5.0,4.0,2.0,4.0,2.0,5.0,3.0,3.0,,,,5.0,5.0,4.0,,,4.0,2.0,2.0,3.0,5.0,1.0,4.0,3.0,2.0,3.0,,3.0,3.0,5.0,1.0,2.0,4.0,3.0,2.0,,2.0,,1.0,,1.0,1.0,2.0,,4.0,4.0,2.0,3.0,1.0,1.0,2.0,,1.0,2.0,3.0,5.0,5.0,5.0,,,5.0,,5.0,5.0,1.0,,4.0,5.0
49,4.2.2021 17:08:01,man,21,CS,5.0,5.0,3.0,3.0,2.0,3.0,4.0,1.0,2.0,3.0,4.0,3.0,4.0,1.0,1.0,2.0,3.0,4.0,4.0,3.0,1.0,3.0,4.0,4.0,2.0,5.0,3.0,4.0,5.0,4.0,4.0,1.0,3.0,5.0,4.0,3.0,5.0,4.0,4.0,4.0,2.0,5.0,1.0,3.0,1.0,2.0,2.0,3.0,1.0,4.0,5.0,2.0,4.0,3.0,3.0,5.0,3.0,2.0,4.0,5.0,4.0,5.0,4.0,1.0,2.0,4.0,2.0,5.0,4.0,3.0,2.0,3.0,4.0
50,4.2.2021 17:13:00,man,22,CS,4.0,5.0,4.0,3.0,2.0,3.0,4.0,,3.0,3.0,4.0,2.0,3.0,,,,5.0,3.0,2.0,,5.0,5.0,5.0,5.0,5.0,5.0,5.0,5.0,5.0,5.0,5.0,,5.0,5.0,5.0,5.0,5.0,5.0,5.0,5.0,,2.0,,2.0,,3.0,5.0,3.0,,5.0,5.0,5.0,5.0,2.0,2.0,3.0,,5.0,5.0,5.0,4.0,5.0,5.0,3.0,,4.0,4.0,5.0,5.0,1.0,,3.0,5.0
51,4.2.2021 17:28:25,man,20,CS,3.0,5.0,5.0,3.0,2.0,3.0,4.0,2.0,3.0,2.0,4.0,2.0,2.0,2.0,,,5.0,4.0,3.0,,,2.0,3.0,3.0,2.0,5.0,4.0,3.0,4.0,4.0,4.0,,2.0,5.0,3.0,3.0,4.0,3.0,3.0,3.0,2.0,3.0,,2.0,,1.0,2.0,4.0,,3.0,5.0,2.0,3.0,2.0,2.0,2.0,1.0,3.0,4.0,4.0,2.0,5.0,4.0,,2.0,3.0,3.0,3.0,4.0,2.0,,3.0,5.0
52,4.2.2021 17:39:02,man,22,CS,2.0,3.0,4.0,3.0,2.0,4.0,2.0,,3.0,2.0,4.0,1.0,2.0,1.0,1.0,,5.0,3.0,2.0,1.0,,2.0,3.0,3.0,2.0,5.0,3.0,3.0,4.0,5.0,2.0,,4.0,4.0,4.0,3.0,3.0,3.0,4.0,2.0,2.0,3.0,1.0,2.0,,1.0,2.0,3.0,,2.0,5.0,2.0,2.0,3.0,2.0,3.0,1.0,3.0,5.0,4.0,3.0,5.0,4.0,,,4.0,3.0,5.0,3.0,4.0,,2.0,2.0
53,4.2.2021 18:18:35,man,22,CS,4.0,5.0,5.0,5.0,3.0,4.0,4.0,3.0,4.0,3.0,4.0,2.0,3.0,1.0,1.0,1.0,5.0,4.0,3.0,3.0,2.0,5.0,5.0,5.0,5.0,5.0,4.0,5.0,5.0,1.0,5.0,2.0,5.0,5.0,5.0,4.0,5.0,5.0,5.0,3.0,3.0,3.0,1.0,5.0,1.0,1.0,3.0,5.0,1.0,5.0,5.0,4.0,5.0,2.0,1.0,4.0,2.0,4.0,4.0,5.0,5.0,5.0,5.0,1.0,1.0,5.0,4.0,5.0,5.0,2.0,1.0,2.0,1.0
54,4.2.2021 18:20:39,woman,23,CS,4.0,4.0,5.0,4.0,3.0,4.0,3.0,1.0,3.0,3.0,3.0,1.0,3.0,1.0,,,5.0,4.0,4.0,2.0,,3.0,5.0,3.0,3.0,5.0,4.0,3.0,4.0,1.0,3.0,1.0,3.0,5.0,4.0,4.0,4.0,4.0,5.0,3.0,2.0,3.0,2.0,2.0,2.0,2.0,2.0,3.0,,3.0,5.0,3.0,4.0,2.0,2.0,4.0,1.0,4.0,2.0,5.0,4.0,5.0,4.0,,,4.0,1.0,4.0,2.0,1.0,,2.0,3.0
55,4.2.2021 19:47:53,man,21,CS,5.0,5.0,5.0,4.0,3.0,4.0,4.0,2.0,5.0,2.0,5.0,3.0,3.0,2.0,2.0,3.0,5.0,3.0,3.0,2.0,4.0,4.0,5.0,5.0,4.0,5.0,4.0,5.0,5.0,3.0,5.0,2.0,4.0,5.0,5.0,4.0,5.0,4.0,5.0,4.0,4.0,3.0,3.0,3.0,3.0,1.0,4.0,5.0,2.0,3.0,5.0,4.0,4.0,3.0,3.0,5.0,2.0,4.0,3.0,5.0,4.0,5.0,5.0,3.0,3.0,4.0,4.0,5.0,2.0,1.0,2.0,3.0,5.0
56,4.2.2021 20:12:45,woman,20,SK,5.0,5.0,5.0,5.0,5.0,5.0,5.0,5.0,3.0,5.0,5.0,5.0,5.0,3.0,5.0,1.0,5.0,5.0,5.0,5.0,5.0,5.0,5.0,5.0,5.0,5.0,5.0,5.0,5.0,5.0,5.0,5.0,5.0,5.0,5.0,5.0,5.0,5.0,5.0,5.0,5.0,5.0,3.0,5.0,5.0,5.0,5.0,5.0,5.0,5.0,5.0,5.0,5.0,5.0,5.0,5.0,1.0,5.0,5.0,5.0,2.0,5.0,5.0,3.0,2.0,5.0,5.0,5.0,5.0,5.0,2.0,3.0,5.0
57,4.2.2021 20:39:46,man,29,CS,3.0,5.0,5.0,4.0,5.0,5.0,5.0,3.0,5.0,3.0,5.0,3.0,5.0,,,,5.0,4.0,5.0,,,5.0,5.0,5.0,5.0,5.0,5.0,5.0,5.0,2.0,5.0,,5.0,5.0,5.0,5.0,5.0,5.0,5.0,5.0,,5.0,,,,2.0,5.0,5.0,,5.0,5.0,5.0,5.0,1.0,1.0,5.0,1.0,4.0,3.0,5.0,5.0,5.0,5.0,,,5.0,5.0,5.0,5.0,2.0,,1.0,5.0
58,4.2.2021 20:58:07,woman,19,CS,3.0,5.0,2.0,3.0,3.0,5.0,5.0,4.0,3.0,4.0,2.0,2.0,5.0,4.0,,,5.0,3.0,5.0,,2.0,5.0,4.0,5.0,5.0,5.0,4.0,5.0,5.0,4.0,4.0,2.0,3.0,5.0,4.0,4.0,4.0,4.0,5.0,5.0,4.0,2.0,2.0,4.0,4.0,4.0,3.0,5.0,3.0,4.0,5.0,2.0,4.0,4.0,4.0,2.0,1.0,3.0,4.0,4.0,5.0,5.0,5.0,3.0,5.0,5.0,5.0,5.0,4.0,3.0,1.0,3.0,5.0
59,4.2.2021 23:42:39,woman,20,CS,5.0,5.0,5.0,5.0,4.0,5.0,4.0,2.0,5.0,3.0,5.0,4.0,5.0,,3.0,4.0,5.0,5.0,4.0,5.0,4.0,5.0,5.0,5.0,5.0,5.0,3.0,5.0,5.0,4.0,2.0,1.0,5.0,5.0,4.0,3.0,5.0,4.0,4.0,5.0,4.0,4.0,3.0,3.0,,1.0,2.0,5.0,2.0,4.0,5.0,3.0,5.0,2.0,2.0,5.0,1.0,3.0,5.0,5.0,5.0,5.0,3.0,5.0,,5.0,5.0,5.0,5.0,1.0,4.0,3.0,5.0
60,4.2.2021 23:42:50,woman,20,CS,5.0,5.0,5.0,5.0,4.0,5.0,4.0,2.0,5.0,3.0,5.0,4.0,5.0,,3.0,4.0,5.0,5.0,4.0,5.0,4.0,5.0,5.0,5.0,5.0,5.0,3.0,5.0,5.0,4.0,2.0,1.0,5.0,5.0,4.0,3.0,5.0,4.0,4.0,5.0,4.0,4.0,3.0,3.0,,1.0,2.0,5.0,2.0,4.0,5.0,3.0,5.0,2.0,2.0,5.0,1.0,3.0,5.0,5.0,5.0,5.0,3.0,5.0,,5.0,5.0,5.0,5.0,1.0,4.0,3.0,5.0
61,5.2.2021 8:48:08,woman,20,CS,2.0,5.0,5.0,3.0,3.0,5.0,4.0,5.0,5.0,4.0,5.0,2.0,2.0,5.0,,,5.0,2.0,4.0,1.0,5.0,5.0,5.0,5.0,5.0,5.0,4.0,5.0,5.0,5.0,5.0,5.0,5.0,5.0,5.0,5.0,4.0,5.0,5.0,5.0,4.0,5.0,2.0,5.0,,1.0,4.0,5.0,,5.0,5.0,5.0,4.0,5.0,1.0,5.0,3.0,5.0,5.0,5.0,5.0,5.0,5.0,,,5.0,2.0,5.0,4.0,2.0,,4.0,5.0
62,5.2.2021 13:40:33,man,21,CS,3.0,1.0,1.0,1.0,3.0,1.0,2.0,2.0,1.0,4.0,2.0,4.0,4.0,3.0,2.0,5.0,1.0,1.0,3.0,2.0,,1.0,1.0,1.0,1.0,1.0,2.0,1.0,1.0,2.0,1.0,5.0,1.0,2.0,1.0,2.0,1.0,1.0,1.0,2.0,3.0,2.0,,2.0,3.0,4.0,2.0,2.0,,2.0,1.0,1.0,1.0,3.0,,1.0,5.0,2.0,2.0,1.0,1.0,1.0,1.0,3.0,3.0,2.0,3.0,1.0,2.0,4.0,5.0,2.0,1.0
63,5.2.2021 13:58:48,woman,23,CS,4.0,5.0,5.0,3.0,3.0,5.0,5.0,1.0,5.0,3.0,5.0,1.0,4.0,2.0,,,5.0,4.0,4.0,,,5.0,5.0,5.0,5.0,5.0,5.0,5.0,5.0,2.0,5.0,,5.0,5.0,5.0,4.0,5.0,5.0,5.0,5.0,4.0,3.0,,3.0,,1.0,4.0,5.0,2.0,5.0,5.0,5.0,5.0,3.0,1.0,5.0,2.0,4.0,5.0,5.0,5.0,5.0,3.0,,,5.0,3.0,5.0,5.0,1.0,1.0,1.0,5.0
64,5.2.2021 18:01:38,woman,22,CS,5.0,5.0,4.0,5.0,2.0,4.0,3.0,1.0,2.0,1.0,3.0,1.0,5.0,,,2.0,5.0,4.0,3.0,,,3.0,4.0,5.0,3.0,5.0,3.0,3.0,5.0,4.0,4.0,2.0,3.0,5.0,3.0,3.0,5.0,3.0,3.0,4.0,,5.0,1.0,,,1.0,1.0,3.0,2.0,3.0,5.0,2.0,2.0,1.0,2.0,5.0,,3.0,1.0,5.0,3.0,4.0,4.0,,,3.0,,4.0,2.0,2.0,,2.0,
65,5.2.2021 18:19:17,man,22,CS,3.0,5.0,5.0,3.0,3.0,4.0,4.0,2.0,5.0,2.0,5.0,2.0,3.0,,,,5.0,4.0,3.0,,,4.0,5.0,4.0,4.0,4.0,4.0,4.0,4.0,1.0,2.0,,3.0,4.0,5.0,4.0,4.0,4.0,5.0,4.0,,2.0,,5.0,,2.0,4.0,3.0,,4.0,5.0,4.0,4.0,1.0,1.0,4.0,2.0,4.0,5.0,5.0,5.0,5.0,4.0,,,,4.0,5.0,3.0,1.0,,2.0,4.0
66,5.2.2021 21:26:17,man,24,CS,4.0,5.0,3.0,2.0,1.0,4.0,2.0,2.0,5.0,2.0,3.0,3.0,3.0,2.0,1.0,1.0,5.0,4.0,4.0,1.0,2.0,2.0,5.0,3.0,2.0,5.0,3.0,3.0,4.0,2.0,3.0,1.0,2.0,5.0,4.0,3.0,3.0,2.0,3.0,2.0,3.0,1.0,1.0,2.0,1.0,1.0,2.0,3.0,2.0,2.0,5.0,1.0,2.0,1.0,2.0,3.0,1.0,2.0,2.0,4.0,4.0,5.0,4.0,1.0,2.0,5.0,2.0,5.0,3.0,1.0,1.0,1.0,5.0
67,6.2.2021 10:32:39,man,22,CS,5.0,5.0,5.0,5.0,3.0,4.0,3.0,3.0,3.0,4.0,4.0,1.0,4.0,,1.0,,5.0,5.0,4.0,,2.0,2.0,4.0,5.0,3.0,5.0,3.0,3.0,3.0,5.0,5.0,,5.0,4.0,5.0,4.0,4.0,3.0,5.0,2.0,3.0,2.0,3.0,3.0,,3.0,1.0,4.0,,3.0,5.0,2.0,3.0,2.0,3.0,3.0,2.0,3.0,5.0,5.0,2.0,5.0,5.0,1.0,,1.0,2.0,5.0,2.0,3.0,1.0,1.0,4.0
68,7.2.2021 9:54:53,woman,20,CS,5.0,5.0,4.0,5.0,5.0,5.0,3.0,4.0,5.0,5.0,4.0,5.0,5.0,4.0,3.0,3.0,5.0,5.0,3.0,3.0,2.0,4.0,5.0,5.0,3.0,5.0,5.0,5.0,5.0,5.0,5.0,3.0,5.0,5.0,5.0,5.0,5.0,5.0,5.0,5.0,2.0,5.0,3.0,5.0,3.0,5.0,5.0,4.0,4.0,5.0,5.0,4.0,5.0,5.0,5.0,5.0,2.0,5.0,5.0,5.0,5.0,5.0,5.0,2.0,3.0,5.0,4.0,5.0,3.0,4.0,3.0,4.0,5.0
69,7.2.2021 15:18:20,woman,20,CS,4.0,5.0,5.0,4.0,4.0,5.0,5.0,1.0,5.0,4.0,5.0,3.0,3.0,1.0,1.0,1.0,5.0,5.0,5.0,1.0,3.0,4.0,5.0,4.0,5.0,5.0,5.0,5.0,5.0,5.0,5.0,3.0,5.0,5.0,5.0,5.0,5.0,5.0,5.0,5.0,3.0,4.0,1.0,5.0,1.0,3.0,5.0,5.0,2.0,5.0,5.0,5.0,3.0,4.0,4.0,5.0,1.0,5.0,5.0,5.0,5.0,5.0,5.0,4.0,2.0,5.0,5.0,5.0,5.0,2.0,1.0,3.0,5.0
70,7.2.2021 15:32:25,woman,23,CS,4.0,5.0,5.0,5.0,3.0,5.0,5.0,1.0,4.0,2.0,4.0,1.0,3.0,2.0,,1.0,5.0,5.0,5.0,,,4.0,5.0,4.0,5.0,5.0,3.0,5.0,5.0,2.0,5.0,,5.0,5.0,4.0,4.0,5.0,5.0,5.0,5.0,3.0,2.0,,4.0,,1.0,4.0,5.0,,5.0,5.0,4.0,4.0,2.0,2.0,5.0,1.0,3.0,5.0,5.0,5.0,5.0,5.0,,,5.0,5.0,5.0,5.0,1.0,,4.0,5.0
71,7.2.2021 15:49:26,man,20,SK,5.0,5.0,5.0,5.0,5.0,5.0,5.0,5.0,2.0,5.0,5.0,5.0,5.0,3.0,2.0,3.0,5.0,5.0,5.0,2.0,5.0,5.0,5.0,5.0,5.0,5.0,5.0,5.0,5.0,5.0,5.0,3.0,5.0,5.0,5.0,5.0,5.0,5.0,5.0,5.0,5.0,5.0,4.0,5.0,3.0,5.0,5.0,5.0,5.0,5.0,5.0,5.0,5.0,5.0,5.0,5.0,3.0,5.0,5.0,5.0,5.0,5.0,5.0,3.0,5.0,5.0,5.0,5.0,5.0,5.0,5.0,5.0,5.0
72,7.2.2021 15:49:45,man,20,SK,5.0,5.0,5.0,5.0,5.0,5.0,4.0,2.0,3.0,5.0,5.0,5.0,5.0,1.0,2.0,2.0,5.0,5.0,5.0,1.0,1.0,5.0,5.0,5.0,5.0,5.0,5.0,5.0,5.0,5.0,5.0,2.0,5.0,5.0,5.0,5.0,5.0,5.0,5.0,5.0,1.0,5.0,2.0,5.0,1.0,5.0,5.0,4.0,5.0,3.0,5.0,5.0,5.0,5.0,4.0,5.0,3.0,5.0,5.0,5.0,2.0,5.0,5.0,2.0,3.0,5.0,5.0,4.0,5.0,5.0,1.0,5.0,5.0
73,7.2.2021 18:11:45,man,19,CS,5.0,5.0,5.0,5.0,5.0,5.0,5.0,3.0,4.0,5.0,5.0,4.0,5.0,2.0,,2.0,5.0,5.0,4.0,3.0,3.0,5.0,5.0,5.0,5.0,5.0,5.0,5.0,5.0,3.0,5.0,3.0,5.0,5.0,5.0,5.0,5.0,5.0,5.0,4.0,4.0,5.0,2.0,5.0,2.0,2.0,5.0,5.0,2.0,5.0,5.0,5.0,5.0,4.0,4.0,5.0,2.0,5.0,4.0,5.0,5.0,5.0,5.0,4.0,,5.0,5.0,5.0,5.0,4.0,,3.0,5.0
74,8.2.2021 10:48:42,man,20,CS,5.0,4.0,5.0,5.0,5.0,5.0,5.0,4.0,5.0,3.0,5.0,2.0,3.0,,,,5.0,5.0,3.0,,2.0,4.0,4.0,4.0,2.0,5.0,4.0,5.0,5.0,2.0,5.0,,5.0,5.0,5.0,3.0,4.0,4.0,4.0,4.0,,2.0,,4.0,,1.0,3.0,4.0,1.0,4.0,5.0,3.0,4.0,2.0,1.0,5.0,1.0,3.0,5.0,4.0,4.0,5.0,5.0,,,3.0,2.0,5.0,5.0,1.0,,3.0,4.0
75,8.2.2021 12:42:54,woman,20,CS,5.0,5.0,5.0,5.0,5.0,5.0,5.0,5.0,5.0,4.0,5.0,5.0,5.0,2.0,3.0,1.0,5.0,5.0,5.0,3.0,2.0,5.0,5.0,5.0,5.0,5.0,5.0,5.0,5.0,5.0,5.0,,5.0,5.0,5.0,5.0,5.0,5.0,5.0,5.0,5.0,5.0,5.0,5.0,,5.0,5.0,5.0,5.0,5.0,5.0,5.0,5.0,3.0,3.0,5.0,,5.0,5.0,5.0,5.0,5.0,5.0,,,5.0,5.0,5.0,5.0,5.0,,4.0,5.0
76,8.2.2021 13:19:50,man,20,CS,2.0,5.0,5.0,5.0,5.0,5.0,5.0,3.0,5.0,3.0,,2.0,5.0,2.0,,,5.0,5.0,5.0,,3.0,3.0,4.0,3.0,3.0,4.0,3.0,4.0,4.0,5.0,4.0,,5.0,5.0,5.0,3.0,2.0,4.0,5.0,4.0,4.0,2.0,3.0,3.0,3.0,5.0,,4.0,,4.0,4.0,3.0,4.0,3.0,4.0,2.0,2.0,3.0,2.0,5.0,5.0,5.0,5.0,,,5.0,3.0,5.0,5.0,5.0,,5.0,5.0
77,8.2.2021 13:36:51,man,20,CS,3.0,5.0,5.0,3.0,3.0,4.0,4.0,2.0,5.0,2.0,5.0,2.0,3.0,2.0,,,5.0,3.0,5.0,,,3.0,5.0,5.0,4.0,5.0,4.0,4.0,5.0,2.0,4.0,,3.0,5.0,5.0,5.0,4.0,4.0,4.0,4.0,,3.0,1.0,4.0,,1.0,4.0,4.0,,4.0,5.0,4.0,4.0,2.0,4.0,4.0,1.0,5.0,2.0,5.0,5.0,5.0,5.0,,4.0,5.0,5.0,5.0,4.0,1.0,,2.0,5.0
78,8.2.2021 16:56:43,man,20,CS,5.0,5.0,5.0,5.0,4.0,5.0,5.0,3.0,4.0,3.0,4.0,3.0,4.0,,,,5.0,4.0,4.0,,,3.0,5.0,4.0,2.0,5.0,5.0,4.0,4.0,3.0,4.0,,3.0,5.0,5.0,5.0,5.0,4.0,5.0,5.0,2.0,3.0,,,,1.0,3.0,5.0,,3.0,5.0,3.0,3.0,3.0,3.0,5.0,,3.0,4.0,5.0,5.0,5.0,4.0,4.0,3.0,5.0,5.0,5.0,2.0,1.0,,3.0,5.0
79,8.2.2021 21:50:59,woman,30,CS,3.0,5.0,4.0,4.0,2.0,5.0,3.0,1.0,4.0,2.0,3.0,1.0,3.0,1.0,,3.0,5.0,4.0,2.0,5.0,2.0,3.0,4.0,4.0,3.0,4.0,5.0,4.0,4.0,2.0,4.0,2.0,4.0,5.0,3.0,5.0,4.0,3.0,5.0,4.0,3.0,3.0,,1.0,3.0,1.0,4.0,3.0,1.0,4.0,5.0,3.0,3.0,1.0,2.0,5.0,1.0,5.0,2.0,5.0,5.0,5.0,4.0,4.0,,5.0,5.0,5.0,4.0,1.0,,1.0,4.0
80,8.2.2021 22:33:25,man,20,SK,1.0,5.0,4.0,5.0,5.0,4.0,5.0,2.0,,3.0,5.0,2.0,2.0,2.0,,,5.0,5.0,4.0,,1.0,5.0,5.0,,3.0,3.0,1.0,4.0,5.0,1.0,5.0,,5.0,5.0,4.0,2.0,4.0,4.0,5.0,5.0,3.0,1.0,,3.0,,1.0,2.0,2.0,4.0,3.0,4.0,2.0,4.0,1.0,2.0,2.0,5.0,1.0,5.0,5.0,,5.0,5.0,4.0,,5.0,5.0,5.0,5.0,3.0,,,5.0
81,18.2.2021 21:13:46,woman,21,CS,5.0,5.0,5.0,5.0,5.0,5.0,5.0,5.0,5.0,5.0,5.0,5.0,5.0,3.0,,,5.0,5.0,5.0,,3.0,5.0,5.0,5.0,5.0,5.0,5.0,5.0,5.0,5.0,5.0,5.0,5.0,5.0,5.0,5.0,5.0,5.0,5.0,5.0,2.0,5.0,3.0,5.0,2.0,5.0,5.0,5.0,2.0,5.0,5.0,5.0,5.0,5.0,5.0,5.0,5.0,5.0,5.0,5.0,5.0,5.0,5.0,,,5.0,5.0,5.0,5.0,5.0,,5.0,5.0
82,20.2.2021 11:28:06,man,48,SK,5.0,5.0,5.0,5.0,4.0,5.0,5.0,5.0,5.0,5.0,5.0,1.0,5.0,2.0,3.0,2.0,5.0,5.0,3.0,5.0,3.0,4.0,5.0,4.0,3.0,5.0,5.0,3.0,5.0,3.0,2.0,2.0,3.0,3.0,5.0,5.0,5.0,5.0,5.0,5.0,4.0,4.0,3.0,5.0,3.0,1.0,5.0,4.0,2.0,5.0,5.0,5.0,4.0,3.0,3.0,5.0,3.0,5.0,4.0,5.0,5.0,5.0,5.0,3.0,2.0,5.0,5.0,5.0,5.0,1.0,3.0,1.0,5.0
83,4.2.2021 13:53:48,woman,26,CS,3.0,5.0,5.0,5.0,5.0,5.0,5.0,2.0,5.0,3.0,5.0,2.0,4.0,3.0,,5.0,5.0,5.0,5.0,5.0,,5.0,5.0,5.0,5.0,5.0,5.0,5.0,5.0,5.0,5.0,5.0,4.0,5.0,5.0,5.0,5.0,5.0,5.0,5.0,5.0,5.0,,4.0,5.0,2.0,4.0,5.0,4.0,5.0,5.0,5.0,5.0,4.0,5.0,5.0,3.0,5.0,3.0,5.0,5.0,5.0,5.0,5.0,,5.0,5.0,5.0,4.0,1.0,2.0,1.0,5.0
84,4.2.2021 13:54:10,woman,23,CS,3.0,5.0,5.0,4.0,3.0,4.0,4.0,2.0,5.0,3.0,4.0,1.0,3.0,3.0,,3.0,5.0,3.0,3.0,5.0,2.0,4.0,5.0,4.0,4.0,4.0,4.0,4.0,4.0,1.0,2.0,1.0,2.0,5.0,3.0,4.0,5.0,4.0,4.0,4.0,5.0,3.0,2.0,2.0,3.0,1.0,5.0,4.0,,4.0,5.0,4.0,4.0,1.0,1.0,3.0,1.0,4.0,2.0,5.0,5.0,5.0,4.0,,,4.0,5.0,5.0,4.0,1.0,,2.0,3.0
85,4.2.2021 14:07:39,man,43,SK,4.0,4.0,4.0,4.0,4.0,4.0,4.0,,4.0,4.0,4.0,4.0,4.0,,,,4.0,4.0,4.0,,4.0,4.0,4.0,4.0,4.0,4.0,4.0,4.0,4.0,4.0,4.0,,4.0,4.0,4.0,4.0,4.0,4.0,4.0,4.0,4.0,4.0,,4.0,4.0,4.0,4.0,4.0,4.0,4.0,4.0,4.0,4.0,4.0,4.0,4.0,4.0,4.0,4.0,4.0,,5.0,,5.0,,4.0,3.0,,4.0,3.0,5.0,5.0,5.0
86,4.2.2021 14:15:12,woman,19,CS,5.0,5.0,5.0,5.0,4.0,4.0,5.0,3.0,5.0,3.0,5.0,3.0,4.0,,,,5.0,4.0,4.0,5.0,5.0,5.0,5.0,5.0,5.0,5.0,5.0,5.0,5.0,2.0,5.0,5.0,5.0,5.0,5.0,5.0,5.0,5.0,5.0,5.0,5.0,5.0,2.0,5.0,,3.0,5.0,5.0,,5.0,5.0,5.0,5.0,2.0,3.0,5.0,4.0,5.0,5.0,5.0,5.0,5.0,5.0,,4.0,5.0,5.0,5.0,4.0,3.0,,3.0,5.0
87,4.2.2021 14:35:31,woman,22,CS,2.0,2.0,3.0,1.0,4.0,2.0,1.0,3.0,3.0,3.0,2.0,2.0,2.0,1.0,,,3.0,2.0,3.0,,2.0,2.0,4.0,3.0,2.0,2.0,2.0,3.0,1.0,3.0,3.0,2.0,4.0,2.0,4.0,3.0,2.0,3.0,4.0,3.0,2.0,4.0,,3.0,,3.0,2.0,1.0,,2.0,3.0,2.0,2.0,1.0,2.0,4.0,,2.0,4.0,2.0,2.0,4.0,4.0,,,2.0,3.0,3.0,4.0,4.0,,4.0,1.0
88,4.2.2021 16:12:19,woman,25,CS,4.0,,5.0,4.0,4.0,4.0,5.0,3.0,5.0,4.0,4.0,2.0,4.0,,2.0,1.0,,5.0,4.0,3.0,2.0,5.0,5.0,5.0,5.0,5.0,4.0,5.0,5.0,3.0,5.0,2.0,5.0,5.0,5.0,4.0,5.0,5.0,5.0,4.0,3.0,2.0,,4.0,4.0,2.0,4.0,5.0,2.0,5.0,5.0,5.0,5.0,4.0,4.0,4.0,,3.0,4.0,5.0,5.0,5.0,5.0,,,5.0,5.0,5.0,4.0,1.0,,5.0,5.0
89,4.2.2021 16:25:03,man,28,CS,5.0,5.0,5.0,5.0,5.0,5.0,5.0,5.0,5.0,5.0,5.0,5.0,5.0,5.0,5.0,5.0,5.0,5.0,5.0,5.0,5.0,5.0,5.0,5.0,5.0,5.0,5.0,5.0,5.0,5.0,5.0,5.0,5.0,5.0,5.0,5.0,5.0,5.0,5.0,5.0,5.0,5.0,5.0,5.0,5.0,5.0,5.0,5.0,5.0,5.0,5.0,5.0,5.0,5.0,5.0,5.0,5.0,5.0,5.0,5.0,5.0,5.0,5.0,5.0,5.0,5.0,5.0,5.0,5.0,5.0,5.0,5.0,5.0
90,4.2.2021 16:26:51,man,21,SK,1.0,4.0,5.0,2.0,3.0,2.0,3.0,1.0,4.0,4.0,2.0,3.0,3.0,1.0,3.0,2.0,4.0,5.0,,3.0,3.0,3.0,5.0,5.0,4.0,5.0,3.0,,5.0,3.0,4.0,2.0,3.0,5.0,4.0,3.0,5.0,4.0,4.0,4.0,3.0,4.0,1.0,2.0,1.0,3.0,5.0,2.0,2.0,3.0,5.0,4.0,3.0,4.0,3.0,5.0,1.0,4.0,2.0,4.0,4.0,5.0,4.0,1.0,2.0,2.0,3.0,3.0,2.0,1.0,1.0,3.0,5.0
91,4.2.2021 16:43:56,woman,23,SK,5.0,3.0,5.0,5.0,1.0,3.0,3.0,1.0,,2.0,3.0,1.0,3.0,,,,5.0,3.0,1.0,,,1.0,2.0,3.0,1.0,5.0,3.0,1.0,3.0,1.0,1.0,1.0,1.0,3.0,1.0,3.0,4.0,1.0,1.0,1.0,1.0,2.0,1.0,1.0,,1.0,1.0,3.0,1.0,1.0,5.0,1.0,1.0,1.0,1.0,3.0,,1.0,1.0,1.0,,5.0,3.0,,,3.0,3.0,3.0,1.0,1.0,,,3.0
92,4.2.2021 20:36:41,woman,26,CS,5.0,5.0,4.0,5.0,5.0,5.0,2.0,2.0,4.0,4.0,5.0,3.0,5.0,4.0,,,5.0,5.0,4.0,2.0,,4.0,4.0,2.0,2.0,5.0,4.0,2.0,4.0,4.0,4.0,2.0,4.0,5.0,4.0,4.0,5.0,4.0,5.0,3.0,2.0,4.0,,1.0,1.0,1.0,2.0,5.0,1.0,3.0,5.0,2.0,4.0,3.0,3.0,3.0,1.0,5.0,2.0,3.0,2.0,5.0,4.0,2.0,,4.0,4.0,4.0,2.0,3.0,,3.0,5.0
93,5.2.2021 4:55:15,woman,38,CS,5.0,5.0,5.0,5.0,5.0,5.0,5.0,5.0,5.0,5.0,5.0,5.0,5.0,,,,5.0,5.0,5.0,5.0,,5.0,5.0,5.0,5.0,5.0,5.0,5.0,5.0,5.0,5.0,,5.0,5.0,5.0,5.0,5.0,5.0,5.0,5.0,5.0,5.0,,5.0,,5.0,5.0,5.0,,5.0,5.0,5.0,5.0,5.0,5.0,5.0,,5.0,,5.0,5.0,5.0,5.0,5.0,5.0,5.0,5.0,5.0,5.0,1.0,,1.0,5.0
94,5.2.2021 9:02:37,woman,22,CS,4.0,4.0,5.0,4.0,4.0,5.0,5.0,2.0,5.0,4.0,5.0,3.0,5.0,3.0,2.0,1.0,5.0,5.0,3.0,5.0,5.0,5.0,5.0,5.0,5.0,5.0,5.0,5.0,5.0,4.0,5.0,5.0,5.0,5.0,5.0,5.0,5.0,5.0,5.0,5.0,5.0,5.0,5.0,5.0,5.0,2.0,5.0,5.0,5.0,5.0,5.0,5.0,5.0,2.0,4.0,5.0,4.0,5.0,5.0,5.0,5.0,5.0,5.0,4.0,5.0,5.0,5.0,5.0,5.0,2.0,1.0,2.0,4.0
95,5.2.2021 10:17:43,woman,25,CS,5.0,5.0,5.0,5.0,5.0,5.0,4.0,3.0,5.0,5.0,4.0,4.0,5.0,4.0,,1.0,5.0,5.0,4.0,,5.0,5.0,5.0,5.0,5.0,5.0,4.0,5.0,5.0,5.0,5.0,4.0,5.0,5.0,5.0,5.0,5.0,5.0,5.0,5.0,5.0,5.0,3.0,5.0,5.0,2.0,5.0,5.0,3.0,5.0,5.0,5.0,5.0,5.0,4.0,5.0,2.0,5.0,5.0,5.0,5.0,5.0,5.0,,,5.0,3.0,5.0,5.0,1.0,,4.0,5.0
96,5.2.2021 12:20:09,woman,29,CS,3.0,5.0,5.0,4.0,4.0,5.0,2.0,2.0,5.0,3.0,5.0,2.0,4.0,,,,5.0,4.0,4.0,5.0,2.0,2.0,5.0,4.0,4.0,5.0,2.0,4.0,2.0,2.0,4.0,1.0,3.0,5.0,5.0,2.0,3.0,4.0,4.0,4.0,2.0,1.0,2.0,2.0,,1.0,2.0,4.0,2.0,4.0,5.0,3.0,2.0,1.0,2.0,3.0,1.0,3.0,1.0,5.0,5.0,5.0,5.0,,,5.0,4.0,5.0,4.0,1.0,,3.0,5.0
97,5.2.2021 15:40:54,woman,23,CS,5.0,5.0,5.0,4.0,3.0,2.0,2.0,2.0,3.0,3.0,4.0,2.0,3.0,2.0,,,5.0,4.0,2.0,1.0,1.0,3.0,3.0,3.0,3.0,5.0,2.0,2.0,3.0,4.0,2.0,1.0,2.0,4.0,5.0,2.0,5.0,2.0,2.0,2.0,1.0,2.0,1.0,5.0,,1.0,2.0,4.0,1.0,2.0,5.0,3.0,2.0,2.0,1.0,4.0,,3.0,4.0,4.0,4.0,5.0,5.0,2.0,,5.0,2.0,5.0,3.0,1.0,,3.0,5.0
98,5.2.2021 22:17:31,woman,23,CS,5.0,5.0,5.0,5.0,4.0,5.0,5.0,4.0,5.0,4.0,5.0,4.0,5.0,,,5.0,5.0,5.0,4.0,5.0,5.0,5.0,5.0,5.0,5.0,5.0,5.0,5.0,5.0,3.0,5.0,4.0,5.0,5.0,5.0,5.0,5.0,5.0,5.0,5.0,5.0,3.0,,5.0,5.0,2.0,5.0,5.0,2.0,5.0,5.0,5.0,5.0,3.0,3.0,5.0,4.0,5.0,4.0,5.0,5.0,5.0,3.0,5.0,,5.0,5.0,5.0,5.0,2.0,,2.0,5.0
99,6.2.2021 10:07:48,woman,30,CS,5.0,5.0,5.0,5.0,4.0,5.0,5.0,3.0,4.0,4.0,3.0,4.0,4.0,2.0,3.0,2.0,5.0,4.0,2.0,3.0,2.0,3.0,5.0,5.0,5.0,5.0,4.0,5.0,4.0,3.0,5.0,2.0,4.0,4.0,4.0,4.0,5.0,5.0,5.0,5.0,4.0,3.0,2.0,5.0,2.0,3.0,4.0,5.0,2.0,5.0,5.0,5.0,5.0,2.0,4.0,3.0,3.0,4.0,5.0,5.0,5.0,5.0,4.0,2.0,3.0,5.0,5.0,5.0,5.0,2.0,2.0,1.0,5.0
100,6.2.2021 14:10:33,man,51,CS,2.0,4.0,5.0,4.0,5.0,5.0,5.0,1.0,5.0,1.0,4.0,1.0,,1.0,,,5.0,3.0,5.0,4.0,,1.0,5.0,4.0,3.0,4.0,1.0,2.0,3.0,2.0,3.0,,2.0,4.0,5.0,1.0,3.0,2.0,4.0,3.0,1.0,1.0,,1.0,,1.0,2.0,3.0,,2.0,4.0,1.0,3.0,1.0,1.0,1.0,,2.0,2.0,4.0,5.0,5.0,5.0,3.0,,5.0,5.0,5.0,5.0,1.0,2.0,1.0,4.0
101,8.2.2021 1:39:15,woman,22,CS,4.0,5.0,5.0,5.0,5.0,5.0,5.0,4.0,4.0,5.0,5.0,5.0,5.0,,,,3.0,3.0,5.0,,2.0,4.0,5.0,4.0,1.0,5.0,3.0,5.0,5.0,1.0,2.0,1.0,1.0,5.0,5.0,2.0,5.0,4.0,5.0,5.0,2.0,3.0,,3.0,,2.0,2.0,5.0,,5.0,5.0,3.0,3.0,2.0,2.0,4.0,1.0,2.0,3.0,4.0,4.0,4.0,4.0,,,4.0,,4.0,3.0,1.0,,1.0,4.0
102,8.2.2021 8:40:53,woman,21,CS,4.0,5.0,5.0,4.0,4.0,5.0,4.0,2.0,4.0,4.0,5.0,3.0,4.0,2.0,,,5.0,4.0,3.0,,,4.0,5.0,3.0,3.0,5.0,2.0,4.0,3.0,3.0,3.0,,3.0,5.0,5.0,2.0,4.0,3.0,4.0,3.0,1.0,2.0,,1.0,,1.0,4.0,4.0,,3.0,5.0,3.0,3.0,2.0,2.0,1.0,1.0,1.0,3.0,4.0,4.0,5.0,5.0,,,4.0,4.0,5.0,5.0,4.0,,4.0,4.0
103,8.2.2021 8:43:50,woman,31,CS,5.0,5.0,4.0,5.0,5.0,5.0,5.0,4.0,5.0,5.0,5.0,5.0,5.0,4.0,2.0,3.0,5.0,5.0,5.0,3.0,3.0,5.0,5.0,5.0,5.0,5.0,5.0,5.0,5.0,5.0,5.0,4.0,5.0,5.0,5.0,5.0,5.0,5.0,5.0,5.0,3.0,5.0,3.0,4.0,4.0,5.0,5.0,5.0,3.0,5.0,5.0,5.0,5.0,5.0,5.0,5.0,3.0,4.0,5.0,5.0,5.0,5.0,5.0,3.0,3.0,5.0,5.0,5.0,5.0,5.0,2.0,5.0,5.0
104,8.2.2021 8:47:01,woman,25,CS,5.0,5.0,4.0,5.0,5.0,5.0,4.0,4.0,4.0,5.0,4.0,5.0,5.0,2.0,2.0,1.0,5.0,5.0,4.0,4.0,2.0,4.0,5.0,5.0,4.0,5.0,5.0,5.0,5.0,5.0,5.0,2.0,5.0,5.0,5.0,5.0,5.0,5.0,5.0,5.0,4.0,5.0,3.0,4.0,1.0,4.0,5.0,5.0,2.0,5.0,5.0,5.0,5.0,4.0,4.0,5.0,3.0,4.0,5.0,5.0,5.0,5.0,5.0,1.0,1.0,5.0,4.0,5.0,5.0,5.0,1.0,4.0,5.0
105,8.2.2021 8:56:19,woman,21,CS,5.0,5.0,5.0,5.0,3.0,5.0,5.0,2.0,5.0,3.0,5.0,1.0,5.0,,,,5.0,4.0,3.0,,,4.0,4.0,3.0,4.0,5.0,3.0,4.0,3.0,4.0,4.0,3.0,4.0,4.0,5.0,5.0,4.0,4.0,4.0,5.0,3.0,3.0,,3.0,,2.0,3.0,4.0,4.0,4.0,5.0,4.0,4.0,3.0,3.0,4.0,,4.0,2.0,5.0,5.0,5.0,5.0,,,5.0,5.0,5.0,5.0,2.0,,2.0,5.0
106,8.2.2021 8:58:20,woman,28,CS,3.0,5.0,5.0,3.0,3.0,5.0,5.0,3.0,5.0,1.0,5.0,2.0,3.0,2.0,,,5.0,2.0,4.0,5.0,3.0,4.0,4.0,2.0,4.0,5.0,5.0,4.0,3.0,1.0,3.0,,5.0,5.0,5.0,3.0,4.0,5.0,4.0,5.0,3.0,2.0,3.0,2.0,,2.0,3.0,4.0,,4.0,5.0,5.0,5.0,3.0,3.0,4.0,2.0,3.0,2.0,4.0,5.0,5.0,5.0,,,3.0,5.0,5.0,5.0,2.0,,3.0,3.0
107,8.2.2021 8:59:41,woman,28,CS,5.0,5.0,1.0,5.0,4.0,4.0,3.0,2.0,2.0,3.0,5.0,4.0,5.0,2.0,1.0,1.0,4.0,5.0,4.0,3.0,1.0,3.0,5.0,4.0,3.0,5.0,5.0,3.0,5.0,4.0,3.0,1.0,3.0,5.0,4.0,5.0,5.0,1.0,4.0,3.0,1.0,5.0,1.0,1.0,1.0,2.0,3.0,5.0,1.0,3.0,5.0,3.0,3.0,3.0,3.0,5.0,1.0,3.0,3.0,4.0,5.0,5.0,4.0,1.0,1.0,5.0,3.0,5.0,3.0,3.0,1.0,3.0,4.0
108,8.2.2021 9:00:55,woman,25,CS,2.0,4.0,4.0,3.0,3.0,4.0,4.0,1.0,4.0,1.0,4.0,2.0,2.0,1.0,,1.0,3.0,4.0,3.0,4.0,3.0,4.0,5.0,4.0,3.0,5.0,5.0,5.0,5.0,2.0,5.0,2.0,5.0,4.0,5.0,4.0,4.0,5.0,5.0,5.0,4.0,5.0,2.0,3.0,2.0,3.0,4.0,5.0,1.0,5.0,5.0,5.0,3.0,2.0,2.0,5.0,2.0,3.0,5.0,5.0,5.0,5.0,4.0,,,5.0,3.0,5.0,5.0,2.0,,2.0,3.0
109,8.2.2021 9:03:19,woman,19,CS,4.0,4.0,5.0,4.0,3.0,4.0,3.0,1.0,5.0,2.0,3.0,1.0,2.0,1.0,,2.0,5.0,4.0,2.0,3.0,2.0,3.0,5.0,3.0,4.0,5.0,4.0,2.0,3.0,3.0,3.0,1.0,3.0,3.0,2.0,4.0,5.0,3.0,4.0,3.0,3.0,3.0,4.0,4.0,4.0,2.0,4.0,4.0,2.0,3.0,5.0,4.0,3.0,2.0,3.0,4.0,1.0,4.0,3.0,5.0,4.0,5.0,4.0,2.0,3.0,5.0,3.0,4.0,3.0,2.0,,2.0,4.0
110,8.2.2021 9:12:46,woman,25,CS,5.0,5.0,5.0,5.0,3.0,4.0,4.0,1.0,5.0,4.0,3.0,3.0,3.0,1.0,2.0,,5.0,5.0,3.0,2.0,,5.0,5.0,5.0,3.0,5.0,4.0,5.0,5.0,3.0,5.0,2.0,5.0,5.0,5.0,4.0,5.0,5.0,5.0,5.0,3.0,1.0,,3.0,,2.0,4.0,4.0,,4.0,5.0,3.0,4.0,2.0,2.0,5.0,2.0,3.0,5.0,5.0,5.0,5.0,5.0,3.0,,5.0,5.0,5.0,5.0,2.0,,4.0,5.0
111,8.2.2021 9:13:09,woman,21,CS,5.0,5.0,5.0,5.0,5.0,5.0,5.0,5.0,5.0,5.0,5.0,5.0,5.0,5.0,5.0,3.0,5.0,5.0,5.0,5.0,3.0,4.0,5.0,4.0,4.0,5.0,4.0,5.0,4.0,5.0,5.0,3.0,5.0,3.0,5.0,3.0,4.0,5.0,5.0,5.0,3.0,3.0,4.0,5.0,2.0,3.0,3.0,5.0,4.0,5.0,5.0,3.0,3.0,4.0,4.0,4.0,2.0,3.0,5.0,5.0,5.0,5.0,4.0,4.0,4.0,5.0,5.0,5.0,5.0,5.0,2.0,5.0,5.0
112,8.2.2021 9:14:27,woman,21,CS,4.0,5.0,5.0,4.0,3.0,4.0,4.0,1.0,5.0,2.0,5.0,2.0,3.0,2.0,,,5.0,4.0,3.0,,,3.0,5.0,5.0,4.0,5.0,3.0,4.0,4.0,1.0,3.0,2.0,3.0,4.0,5.0,4.0,4.0,4.0,4.0,4.0,3.0,3.0,,2.0,3.0,1.0,3.0,4.0,,4.0,5.0,3.0,3.0,1.0,2.0,4.0,,4.0,2.0,5.0,4.0,5.0,4.0,,,5.0,3.0,5.0,5.0,1.0,2.0,2.0,5.0
113,8.2.2021 9:14:59,woman,25,CS,5.0,5.0,,5.0,5.0,5.0,5.0,5.0,5.0,5.0,5.0,5.0,5.0,,,,5.0,5.0,5.0,,,5.0,5.0,5.0,5.0,5.0,5.0,5.0,5.0,5.0,5.0,,5.0,5.0,5.0,5.0,5.0,5.0,5.0,5.0,,5.0,,,,5.0,5.0,5.0,,5.0,5.0,5.0,5.0,5.0,5.0,,5.0,5.0,5.0,5.0,5.0,5.0,5.0,,,,,,5.0,5.0,,5.0,5.0
114,8.2.2021 9:16:29,woman,28,CS,5.0,5.0,5.0,5.0,4.0,5.0,4.0,1.0,5.0,3.0,5.0,4.0,4.0,2.0,2.0,1.0,5.0,5.0,5.0,2.0,3.0,5.0,5.0,5.0,4.0,5.0,5.0,5.0,5.0,4.0,5.0,3.0,5.0,5.0,5.0,5.0,5.0,5.0,,5.0,5.0,5.0,3.0,4.0,4.0,1.0,5.0,5.0,2.0,5.0,5.0,5.0,5.0,4.0,4.0,5.0,2.0,4.0,5.0,5.0,5.0,5.0,5.0,3.0,5.0,5.0,4.0,5.0,4.0,2.0,1.0,2.0,5.0
115,8.2.2021 9:50:23,woman,17,CS,4.0,3.0,3.0,4.0,3.0,3.0,2.0,3.0,2.0,3.0,3.0,3.0,4.0,3.0,2.0,1.0,4.0,4.0,2.0,2.0,2.0,4.0,4.0,4.0,4.0,4.0,3.0,4.0,4.0,4.0,4.0,2.0,4.0,4.0,4.0,4.0,4.0,4.0,4.0,3.0,2.0,4.0,2.0,2.0,2.0,2.0,3.0,4.0,2.0,4.0,4.0,3.0,4.0,4.0,4.0,4.0,1.0,2.0,4.0,4.0,4.0,4.0,4.0,1.0,1.0,4.0,4.0,4.0,4.0,3.0,1.0,2.0,4.0
116,8.2.2021 9:56:52,woman,22,CS,3.0,5.0,5.0,4.0,3.0,3.0,2.0,2.0,4.0,3.0,5.0,3.0,1.0,1.0,,,5.0,3.0,1.0,1.0,,3.0,5.0,3.0,3.0,5.0,5.0,4.0,5.0,3.0,3.0,1.0,4.0,4.0,5.0,5.0,5.0,3.0,5.0,2.0,1.0,3.0,,2.0,,1.0,3.0,3.0,,3.0,5.0,3.0,4.0,3.0,4.0,5.0,,5.0,4.0,3.0,5.0,5.0,5.0,,,5.0,5.0,5.0,5.0,,,4.0,5.0
117,8.2.2021 10:10:30,woman,23,CS,3.0,3.0,3.0,3.0,3.0,3.0,3.0,3.0,3.0,3.0,3.0,3.0,3.0,3.0,1.0,3.0,3.0,3.0,3.0,3.0,2.0,3.0,3.0,3.0,3.0,3.0,3.0,3.0,3.0,3.0,3.0,2.0,3.0,3.0,3.0,3.0,3.0,3.0,3.0,3.0,3.0,3.0,3.0,3.0,2.0,3.0,3.0,3.0,3.0,3.0,3.0,3.0,3.0,3.0,3.0,3.0,2.0,3.0,3.0,3.0,5.0,5.0,5.0,3.0,1.0,5.0,5.0,5.0,5.0,5.0,2.0,5.0,5.0
118,8.2.2021 10:11:00,woman,20,CS,4.0,5.0,5.0,5.0,4.0,5.0,5.0,3.0,5.0,2.0,5.0,3.0,5.0,4.0,5.0,2.0,5.0,5.0,5.0,5.0,3.0,4.0,5.0,5.0,3.0,5.0,5.0,5.0,5.0,1.0,4.0,2.0,5.0,5.0,5.0,5.0,5.0,5.0,5.0,5.0,5.0,2.0,2.0,5.0,4.0,2.0,5.0,5.0,3.0,5.0,5.0,4.0,5.0,3.0,2.0,5.0,3.0,5.0,4.0,5.0,5.0,5.0,5.0,5.0,3.0,5.0,5.0,5.0,4.0,2.0,3.0,3.0,3.0
119,8.2.2021 10:18:36,woman,23,CS,5.0,3.0,4.0,4.0,3.0,3.0,3.0,1.0,4.0,2.0,4.0,2.0,4.0,1.0,1.0,1.0,5.0,3.0,3.0,3.0,1.0,3.0,5.0,4.0,3.0,5.0,5.0,5.0,5.0,3.0,3.0,1.0,3.0,5.0,5.0,5.0,5.0,5.0,5.0,5.0,3.0,4.0,1.0,3.0,1.0,2.0,3.0,5.0,1.0,3.0,5.0,3.0,4.0,3.0,2.0,5.0,2.0,5.0,2.0,5.0,5.0,5.0,5.0,3.0,2.0,5.0,4.0,5.0,5.0,2.0,1.0,1.0,5.0
120,8.2.2021 11:07:37,woman,21,CS,4.0,5.0,5.0,4.0,3.0,4.0,4.0,1.0,5.0,2.0,5.0,2.0,3.0,2.0,,,5.0,4.0,3.0,,,3.0,5.0,5.0,4.0,5.0,3.0,4.0,4.0,1.0,3.0,2.0,3.0,4.0,5.0,4.0,4.0,4.0,4.0,4.0,3.0,3.0,,2.0,3.0,1.0,3.0,4.0,,4.0,5.0,3.0,3.0,1.0,2.0,4.0,,4.0,2.0,5.0,4.0,5.0,4.0,,,5.0,3.0,5.0,5.0,1.0,2.0,2.0,5.0
121,8.2.2021 11:12:11,woman,22,CS,3.0,3.0,4.0,3.0,1.0,4.0,2.0,1.0,2.0,1.0,3.0,2.0,3.0,1.0,1.0,1.0,4.0,4.0,1.0,2.0,1.0,3.0,3.0,3.0,2.0,4.0,2.0,3.0,4.0,3.0,4.0,2.0,3.0,4.0,4.0,2.0,4.0,2.0,3.0,3.0,1.0,2.0,1.0,1.0,1.0,2.0,2.0,2.0,1.0,3.0,4.0,2.0,2.0,3.0,3.0,3.0,1.0,2.0,3.0,4.0,2.0,4.0,3.0,1.0,2.0,3.0,3.0,3.0,3.0,2.0,1.0,2.0,4.0
122,8.2.2021 11:15:55,woman,21,CS,4.0,5.0,5.0,5.0,4.0,5.0,4.0,4.0,4.0,4.0,4.0,4.0,4.0,4.0,,,5.0,5.0,4.0,,4.0,3.0,4.0,2.0,4.0,5.0,4.0,5.0,4.0,4.0,4.0,3.0,4.0,4.0,5.0,4.0,3.0,4.0,4.0,4.0,4.0,4.0,4.0,4.0,,2.0,4.0,4.0,,4.0,5.0,4.0,4.0,4.0,4.0,4.0,3.0,4.0,4.0,5.0,4.0,5.0,4.0,,,,3.0,5.0,4.0,1.0,4.0,4.0,3.0
123,8.2.2021 11:16:20,woman,24,CS,4.0,5.0,5.0,5.0,3.0,5.0,5.0,4.0,5.0,3.0,5.0,4.0,5.0,3.0,,1.0,5.0,4.0,4.0,,4.0,5.0,5.0,5.0,5.0,5.0,5.0,5.0,5.0,2.0,5.0,2.0,5.0,5.0,5.0,4.0,5.0,5.0,5.0,5.0,5.0,4.0,,4.0,,3.0,3.0,5.0,2.0,5.0,5.0,5.0,5.0,3.0,2.0,5.0,1.0,4.0,5.0,5.0,5.0,5.0,5.0,,5.0,4.0,3.0,5.0,5.0,2.0,,2.0,3.0
124,8.2.2021 11:18:14,woman,27,CS,5.0,5.0,5.0,5.0,5.0,5.0,4.0,2.0,5.0,5.0,5.0,3.0,5.0,2.0,2.0,1.0,5.0,5.0,4.0,2.0,1.0,3.0,3.0,3.0,3.0,5.0,3.0,3.0,3.0,5.0,5.0,1.0,4.0,5.0,4.0,3.0,3.0,3.0,4.0,3.0,2.0,1.0,1.0,2.0,1.0,1.0,3.0,3.0,1.0,3.0,5.0,1.0,4.0,3.0,3.0,3.0,1.0,2.0,4.0,2.0,5.0,5.0,5.0,1.0,2.0,5.0,4.0,5.0,5.0,2.0,1.0,3.0,5.0
125,8.2.2021 11:24:41,woman,22,CS,4.0,5.0,4.0,4.0,2.0,4.0,3.0,1.0,3.0,4.0,4.0,2.0,3.0,1.0,1.0,1.0,5.0,3.0,4.0,2.0,,3.0,4.0,5.0,3.0,5.0,3.0,3.0,4.0,2.0,4.0,,4.0,5.0,3.0,4.0,5.0,2.0,5.0,3.0,1.0,3.0,,1.0,,1.0,1.0,4.0,,3.0,5.0,2.0,2.0,1.0,1.0,4.0,1.0,2.0,4.0,3.0,2.0,5.0,5.0,,,4.0,3.0,5.0,2.0,1.0,,2.0,3.0
126,8.2.2021 11:28:26,woman,28,CS,3.0,4.0,5.0,4.0,3.0,5.0,5.0,3.0,3.0,2.0,4.0,2.0,3.0,2.0,2.0,,5.0,4.0,4.0,3.0,5.0,5.0,5.0,5.0,5.0,5.0,5.0,5.0,5.0,5.0,5.0,2.0,5.0,5.0,5.0,5.0,5.0,5.0,5.0,5.0,5.0,4.0,5.0,4.0,5.0,4.0,5.0,5.0,1.0,5.0,5.0,5.0,5.0,5.0,5.0,5.0,1.0,5.0,4.0,5.0,5.0,5.0,5.0,,,5.0,5.0,5.0,5.0,1.0,2.0,4.0,5.0
127,8.2.2021 11:33:41,woman,21,CS,5.0,5.0,5.0,4.0,3.0,4.0,4.0,2.0,5.0,2.0,4.0,2.0,5.0,2.0,2.0,2.0,5.0,4.0,4.0,5.0,5.0,5.0,5.0,5.0,5.0,5.0,5.0,5.0,5.0,4.0,5.0,3.0,5.0,5.0,5.0,5.0,5.0,5.0,5.0,5.0,5.0,5.0,3.0,2.0,4.0,2.0,5.0,5.0,4.0,5.0,5.0,5.0,5.0,4.0,4.0,5.0,3.0,5.0,3.0,5.0,5.0,5.0,5.0,3.0,4.0,5.0,4.0,5.0,4.0,3.0,2.0,1.0,5.0
128,8.2.2021 11:34:02,woman,29,CS,4.0,5.0,5.0,5.0,5.0,5.0,5.0,4.0,5.0,5.0,5.0,3.0,5.0,2.0,,,5.0,5.0,4.0,5.0,4.0,5.0,5.0,5.0,5.0,5.0,5.0,5.0,5.0,2.0,5.0,3.0,5.0,5.0,5.0,5.0,5.0,5.0,5.0,5.0,4.0,5.0,3.0,4.0,,1.0,5.0,5.0,1.0,5.0,5.0,5.0,5.0,2.0,1.0,5.0,,5.0,5.0,5.0,5.0,5.0,5.0,5.0,,5.0,5.0,5.0,5.0,2.0,,5.0,5.0
129,8.2.2021 11:35:11,woman,20,SK,5.0,5.0,5.0,5.0,5.0,5.0,5.0,5.0,,5.0,5.0,1.0,5.0,5.0,,1.0,5.0,5.0,5.0,,,5.0,5.0,5.0,5.0,5.0,5.0,5.0,5.0,5.0,5.0,,5.0,5.0,5.0,5.0,5.0,5.0,5.0,5.0,5.0,5.0,,5.0,,2.0,5.0,5.0,,5.0,5.0,5.0,5.0,5.0,5.0,5.0,1.0,5.0,5.0,5.0,5.0,5.0,5.0,,,5.0,5.0,5.0,5.0,2.0,1.0,,5.0
130,8.2.2021 11:39:31,woman,21,CS,3.0,5.0,4.0,5.0,4.0,4.0,4.0,3.0,4.0,5.0,5.0,4.0,5.0,,,,5.0,5.0,4.0,2.0,,4.0,5.0,4.0,4.0,3.0,5.0,4.0,5.0,4.0,5.0,2.0,5.0,5.0,4.0,5.0,4.0,5.0,5.0,4.0,3.0,1.0,,3.0,,2.0,3.0,4.0,,4.0,5.0,4.0,4.0,3.0,2.0,5.0,,2.0,4.0,5.0,3.0,5.0,5.0,,,4.0,3.0,5.0,4.0,2.0,,3.0,3.0
131,8.2.2021 11:42:12,woman,21,CS,5.0,5.0,5.0,5.0,5.0,3.0,3.0,2.0,3.0,5.0,4.0,5.0,5.0,1.0,1.0,1.0,5.0,5.0,2.0,2.0,1.0,4.0,5.0,4.0,3.0,5.0,3.0,4.0,5.0,5.0,5.0,1.0,5.0,5.0,5.0,5.0,5.0,2.0,5.0,4.0,3.0,4.0,1.0,2.0,1.0,3.0,3.0,2.0,2.0,3.0,5.0,2.0,4.0,3.0,4.0,5.0,2.0,2.0,5.0,5.0,4.0,5.0,5.0,1.0,2.0,5.0,3.0,5.0,5.0,5.0,1.0,5.0,5.0
132,8.2.2021 11:45:18,man,26,CS,4.0,5.0,5.0,3.0,2.0,4.0,4.0,3.0,3.0,2.0,3.0,2.0,2.0,2.0,2.0,2.0,5.0,3.0,3.0,2.0,3.0,3.0,3.0,3.0,3.0,4.0,3.0,3.0,3.0,2.0,5.0,3.0,3.0,4.0,3.0,3.0,4.0,4.0,4.0,3.0,3.0,3.0,2.0,3.0,2.0,2.0,3.0,4.0,2.0,4.0,4.0,3.0,3.0,3.0,3.0,3.0,2.0,3.0,3.0,3.0,3.0,5.0,5.0,2.0,4.0,4.0,3.0,4.0,4.0,1.0,2.0,3.0,4.0
133,8.2.2021 11:50:07,man,30,CS,5.0,5.0,5.0,5.0,5.0,5.0,5.0,3.0,5.0,4.0,5.0,3.0,5.0,,,,5.0,5.0,5.0,5.0,5.0,5.0,5.0,5.0,5.0,5.0,5.0,,5.0,4.0,5.0,,5.0,5.0,5.0,5.0,5.0,5.0,5.0,5.0,5.0,5.0,,5.0,,3.0,5.0,5.0,,5.0,5.0,5.0,5.0,,5.0,,5.0,5.0,5.0,,5.0,5.0,5.0,,5.0,5.0,5.0,5.0,5.0,2.0,,4.0,5.0
134,8.2.2021 11:50:22,man,20,CS,5.0,5.0,5.0,5.0,5.0,5.0,5.0,5.0,5.0,5.0,5.0,4.0,5.0,4.0,,5.0,5.0,5.0,5.0,,5.0,5.0,5.0,5.0,5.0,5.0,5.0,5.0,4.0,3.0,5.0,5.0,5.0,5.0,4.0,5.0,5.0,5.0,5.0,5.0,5.0,5.0,4.0,5.0,5.0,2.0,5.0,5.0,3.0,5.0,5.0,5.0,4.0,5.0,4.0,5.0,5.0,5.0,5.0,5.0,5.0,5.0,5.0,,5.0,5.0,5.0,5.0,5.0,5.0,3.0,5.0,5.0
135,8.2.2021 11:52:46,woman,20,CS,2.0,5.0,2.0,5.0,3.0,3.0,3.0,1.0,5.0,3.0,5.0,3.0,5.0,1.0,1.0,1.0,5.0,5.0,2.0,2.0,2.0,2.0,5.0,2.0,2.0,5.0,5.0,3.0,5.0,3.0,5.0,2.0,2.0,3.0,5.0,5.0,5.0,3.0,5.0,3.0,2.0,3.0,1.0,2.0,1.0,3.0,2.0,2.0,2.0,2.0,5.0,2.0,2.0,2.0,2.0,5.0,2.0,2.0,2.0,3.0,5.0,5.0,4.0,1.0,1.0,3.0,2.0,5.0,2.0,2.0,1.0,3.0,2.0
136,8.2.2021 11:55:35,man,21,CS,5.0,5.0,5.0,5.0,5.0,5.0,5.0,5.0,5.0,5.0,5.0,5.0,5.0,5.0,5.0,5.0,5.0,5.0,5.0,5.0,5.0,5.0,5.0,5.0,5.0,5.0,5.0,5.0,5.0,5.0,5.0,5.0,5.0,5.0,5.0,5.0,5.0,5.0,5.0,5.0,5.0,5.0,5.0,5.0,5.0,5.0,5.0,5.0,5.0,5.0,5.0,5.0,5.0,5.0,5.0,5.0,5.0,5.0,5.0,5.0,5.0,5.0,5.0,5.0,5.0,5.0,5.0,5.0,5.0,5.0,5.0,1.0,5.0
137,8.2.2021 12:01:48,woman,52,CS,4.0,5.0,5.0,4.0,5.0,5.0,5.0,1.0,5.0,4.0,5.0,4.0,5.0,3.0,,,5.0,5.0,5.0,5.0,,5.0,5.0,5.0,5.0,5.0,5.0,5.0,5.0,2.0,5.0,2.0,5.0,5.0,5.0,5.0,5.0,5.0,5.0,5.0,5.0,4.0,,5.0,5.0,3.0,5.0,5.0,2.0,5.0,5.0,5.0,5.0,2.0,3.0,5.0,,5.0,5.0,5.0,5.0,5.0,5.0,5.0,,5.0,5.0,5.0,5.0,2.0,5.0,5.0,5.0
138,8.2.2021 12:38:42,woman,23,CS,4.0,5.0,4.0,5.0,3.0,3.0,5.0,3.0,5.0,2.0,5.0,3.0,3.0,2.0,1.0,1.0,5.0,3.0,4.0,1.0,,5.0,5.0,2.0,3.0,5.0,3.0,4.0,4.0,1.0,5.0,,4.0,2.0,5.0,3.0,5.0,3.0,4.0,3.0,2.0,3.0,,3.0,,4.0,3.0,4.0,3.0,3.0,3.0,3.0,2.0,2.0,4.0,3.0,1.0,2.0,4.0,,5.0,5.0,4.0,,,4.0,4.0,5.0,2.0,1.0,,3.0,5.0
139,8.2.2021 12:49:29,man,41,CS,5.0,5.0,5.0,5.0,5.0,5.0,5.0,5.0,5.0,5.0,5.0,5.0,5.0,5.0,,5.0,5.0,5.0,5.0,5.0,5.0,5.0,5.0,5.0,5.0,5.0,5.0,5.0,5.0,5.0,5.0,5.0,5.0,5.0,5.0,5.0,5.0,5.0,5.0,5.0,5.0,5.0,5.0,5.0,5.0,5.0,5.0,5.0,5.0,5.0,5.0,5.0,5.0,5.0,5.0,5.0,5.0,5.0,5.0,5.0,5.0,5.0,5.0,5.0,,5.0,5.0,5.0,5.0,5.0,5.0,1.0,5.0
140,8.2.2021 12:50:15,woman,20,CS,4.0,5.0,3.0,5.0,4.0,5.0,1.0,1.0,2.0,3.0,4.0,3.0,5.0,2.0,1.0,1.0,4.0,4.0,5.0,1.0,,1.0,4.0,1.0,2.0,4.0,2.0,5.0,3.0,5.0,4.0,1.0,4.0,5.0,5.0,1.0,5.0,1.0,4.0,4.0,1.0,1.0,1.0,1.0,,3.0,2.0,5.0,,5.0,5.0,1.0,3.0,1.0,1.0,1.0,1.0,1.0,2.0,5.0,5.0,5.0,5.0,,,5.0,5.0,5.0,5.0,1.0,,2.0,5.0
141,8.2.2021 13:12:56,woman,24,CS,5.0,5.0,5.0,5.0,3.0,5.0,5.0,2.0,5.0,2.0,5.0,3.0,4.0,,,3.0,5.0,4.0,4.0,,,5.0,5.0,5.0,5.0,5.0,5.0,5.0,5.0,3.0,5.0,4.0,5.0,5.0,5.0,5.0,5.0,5.0,5.0,5.0,,3.0,,5.0,,3.0,5.0,5.0,,5.0,5.0,5.0,5.0,4.0,4.0,5.0,,5.0,5.0,5.0,5.0,5.0,5.0,,,5.0,5.0,5.0,5.0,3.0,,4.0,5.0
142,8.2.2021 13:15:04,man,21,CS,5.0,5.0,5.0,3.0,2.0,4.0,3.0,3.0,4.0,2.0,4.0,2.0,3.0,,,1.0,4.0,3.0,3.0,,,3.0,4.0,4.0,3.0,4.0,3.0,3.0,4.0,2.0,5.0,,3.0,4.0,5.0,,4.0,3.0,4.0,3.0,,2.0,,3.0,,2.0,2.0,3.0,,3.0,4.0,2.0,4.0,2.0,2.0,3.0,2.0,3.0,3.0,4.0,5.0,5.0,4.0,,,4.0,,4.0,3.0,2.0,,2.0,4.0
143,8.2.2021 13:20:28,woman,21,CS,5.0,5.0,5.0,5.0,5.0,5.0,5.0,5.0,5.0,5.0,5.0,5.0,5.0,5.0,5.0,1.0,5.0,5.0,5.0,5.0,,5.0,5.0,5.0,5.0,5.0,5.0,5.0,5.0,5.0,5.0,3.0,5.0,5.0,5.0,5.0,5.0,5.0,5.0,5.0,5.0,5.0,1.0,5.0,5.0,1.0,5.0,5.0,,5.0,5.0,5.0,5.0,5.0,5.0,5.0,5.0,5.0,5.0,5.0,5.0,5.0,5.0,5.0,5.0,5.0,5.0,5.0,5.0,5.0,,1.0,5.0
144,8.2.2021 13:25:18,woman,24,SK,5.0,5.0,5.0,5.0,5.0,5.0,5.0,,4.0,5.0,5.0,3.0,5.0,3.0,2.0,,5.0,5.0,5.0,,5.0,5.0,5.0,5.0,5.0,5.0,5.0,5.0,5.0,5.0,5.0,2.0,5.0,5.0,5.0,5.0,5.0,5.0,5.0,5.0,5.0,5.0,2.0,5.0,2.0,5.0,5.0,5.0,5.0,5.0,5.0,5.0,5.0,5.0,5.0,5.0,1.0,5.0,5.0,5.0,5.0,5.0,5.0,,5.0,5.0,5.0,5.0,5.0,5.0,,5.0,5.0
145,8.2.2021 13:25:58,woman,21,CS,5.0,4.0,5.0,4.0,3.0,5.0,5.0,3.0,5.0,4.0,5.0,3.0,5.0,3.0,3.0,1.0,5.0,4.0,4.0,5.0,,3.0,5.0,3.0,3.0,5.0,4.0,4.0,4.0,3.0,3.0,3.0,4.0,5.0,5.0,4.0,4.0,4.0,5.0,4.0,3.0,2.0,2.0,3.0,,3.0,3.0,4.0,2.0,4.0,5.0,3.0,3.0,3.0,3.0,4.0,2.0,3.0,3.0,4.0,4.0,5.0,5.0,,,5.0,4.0,5.0,3.0,3.0,,3.0,5.0
146,8.2.2021 13:27:34,woman,28,CS,5.0,5.0,5.0,4.0,1.0,1.0,5.0,3.0,3.0,4.0,3.0,2.0,3.0,,,1.0,4.0,4.0,1.0,2.0,1.0,4.0,3.0,4.0,2.0,3.0,5.0,4.0,4.0,2.0,3.0,,1.0,4.0,2.0,4.0,4.0,1.0,1.0,4.0,3.0,5.0,1.0,3.0,,3.0,3.0,5.0,,3.0,5.0,3.0,3.0,2.0,1.0,3.0,1.0,3.0,1.0,4.0,1.0,4.0,4.0,2.0,2.0,,2.0,4.0,1.0,2.0,,2.0,2.0
147,8.2.2021 13:28:12,woman,27,CS,4.0,5.0,5.0,5.0,2.0,4.0,3.0,2.0,4.0,2.0,4.0,3.0,2.0,2.0,,,5.0,3.0,3.0,,,4.0,4.0,4.0,2.0,5.0,4.0,3.0,5.0,4.0,4.0,,3.0,5.0,5.0,5.0,3.0,3.0,5.0,4.0,4.0,3.0,,4.0,,2.0,3.0,3.0,,3.0,5.0,4.0,2.0,2.0,4.0,5.0,,3.0,5.0,4.0,5.0,5.0,4.0,3.0,,5.0,3.0,5.0,3.0,2.0,,4.0,5.0
148,8.2.2021 13:33:54,woman,26,CS,4.0,5.0,5.0,4.0,4.0,5.0,5.0,5.0,5.0,4.0,4.0,4.0,4.0,,,,5.0,4.0,5.0,,5.0,5.0,5.0,5.0,5.0,5.0,5.0,5.0,5.0,5.0,5.0,5.0,5.0,5.0,5.0,5.0,5.0,5.0,5.0,5.0,5.0,5.0,5.0,5.0,,,5.0,5.0,5.0,5.0,5.0,5.0,5.0,5.0,5.0,5.0,1.0,5.0,5.0,5.0,5.0,5.0,5.0,,,5.0,5.0,5.0,5.0,3.0,,4.0,5.0
149,8.2.2021 13:50:55,woman,26,CS,3.0,5.0,5.0,5.0,4.0,5.0,5.0,3.0,5.0,3.0,4.0,1.0,4.0,,,,5.0,5.0,4.0,4.0,,3.0,5.0,4.0,4.0,5.0,4.0,4.0,4.0,1.0,5.0,,3.0,5.0,4.0,5.0,5.0,5.0,5.0,4.0,4.0,2.0,,4.0,,2.0,3.0,5.0,,4.0,5.0,2.0,4.0,2.0,2.0,5.0,,4.0,4.0,4.0,5.0,5.0,5.0,,,5.0,4.0,5.0,5.0,4.0,,5.0,5.0
150,8.2.2021 14:27:10,woman,20,CS,,5.0,2.0,4.0,3.0,4.0,3.0,1.0,4.0,2.0,4.0,3.0,3.0,1.0,1.0,1.0,5.0,4.0,4.0,2.0,1.0,3.0,3.0,2.0,2.0,3.0,3.0,3.0,2.0,3.0,2.0,1.0,2.0,4.0,5.0,3.0,5.0,4.0,4.0,3.0,3.0,2.0,1.0,1.0,1.0,1.0,4.0,3.0,1.0,3.0,5.0,4.0,2.0,2.0,3.0,3.0,1.0,3.0,1.0,5.0,5.0,5.0,4.0,2.0,2.0,4.0,4.0,5.0,3.0,1.0,1.0,1.0,5.0
151,8.2.2021 14:44:31,woman,20,CS,5.0,5.0,5.0,5.0,3.0,5.0,4.0,2.0,5.0,3.0,4.0,3.0,3.0,,,1.0,5.0,4.0,4.0,3.0,2.0,5.0,5.0,4.0,4.0,5.0,3.0,4.0,5.0,5.0,4.0,,5.0,4.0,4.0,5.0,5.0,4.0,4.0,4.0,4.0,5.0,,4.0,,2.0,3.0,4.0,3.0,4.0,5.0,5.0,4.0,3.0,3.0,5.0,1.0,5.0,5.0,3.0,5.0,5.0,5.0,1.0,3.0,3.0,4.0,5.0,4.0,4.0,1.0,4.0,4.0
152,8.2.2021 15:19:53,woman,22,CS,4.0,5.0,5.0,5.0,4.0,5.0,5.0,1.0,5.0,4.0,5.0,3.0,4.0,2.0,3.0,2.0,5.0,4.0,2.0,5.0,2.0,4.0,4.0,3.0,4.0,4.0,5.0,4.0,4.0,5.0,5.0,2.0,3.0,5.0,5.0,5.0,5.0,4.0,4.0,4.0,4.0,3.0,2.0,4.0,3.0,2.0,3.0,5.0,1.0,4.0,5.0,3.0,3.0,2.0,2.0,5.0,1.0,4.0,3.0,5.0,5.0,5.0,5.0,3.0,3.0,5.0,5.0,5.0,5.0,2.0,1.0,3.0,5.0
153,8.2.2021 15:25:29,woman,21,CS,4.0,4.0,5.0,4.0,3.0,5.0,5.0,2.0,5.0,3.0,4.0,3.0,4.0,,,,5.0,4.0,4.0,4.0,,2.0,4.0,4.0,2.0,5.0,3.0,4.0,3.0,5.0,5.0,,4.0,3.0,5.0,4.0,2.0,2.0,3.0,3.0,3.0,4.0,1.0,5.0,,1.0,3.0,4.0,,3.0,5.0,3.0,3.0,5.0,5.0,2.0,5.0,3.0,4.0,5.0,4.0,5.0,5.0,,,4.0,4.0,4.0,3.0,4.0,,5.0,5.0
154,8.2.2021 15:49:33,woman,20,CS,4.0,5.0,5.0,3.0,2.0,4.0,4.0,2.0,5.0,3.0,5.0,1.0,3.0,2.0,,1.0,5.0,4.0,3.0,2.0,1.0,3.0,5.0,2.0,2.0,4.0,4.0,5.0,5.0,2.0,5.0,2.0,4.0,4.0,3.0,3.0,4.0,4.0,5.0,3.0,3.0,2.0,1.0,4.0,2.0,1.0,2.0,4.0,1.0,5.0,5.0,2.0,4.0,1.0,2.0,5.0,1.0,3.0,4.0,5.0,5.0,5.0,5.0,,,4.0,2.0,5.0,3.0,1.0,,2.0,5.0
155,8.2.2021 16:37:50,woman,27,CS,3.0,3.0,3.0,3.0,2.0,3.0,2.0,2.0,3.0,3.0,2.0,3.0,3.0,1.0,1.0,1.0,3.0,3.0,2.0,2.0,1.0,2.0,3.0,3.0,2.0,3.0,3.0,2.0,3.0,3.0,3.0,2.0,3.0,3.0,3.0,3.0,3.0,2.0,3.0,2.0,2.0,3.0,1.0,2.0,1.0,2.0,2.0,3.0,2.0,2.0,3.0,3.0,2.0,3.0,3.0,3.0,1.0,2.0,3.0,3.0,4.0,5.0,5.0,2.0,3.0,5.0,5.0,5.0,4.0,3.0,2.0,3.0,4.0
156,8.2.2021 16:46:57,woman,26,SK,4.0,5.0,4.0,5.0,1.0,4.0,4.0,1.0,4.0,3.0,2.0,1.0,3.0,1.0,,,5.0,4.0,2.0,,2.0,4.0,5.0,4.0,3.0,5.0,3.0,4.0,5.0,4.0,5.0,,4.0,4.0,3.0,3.0,5.0,4.0,4.0,3.0,,2.0,,2.0,,1.0,3.0,4.0,2.0,4.0,5.0,3.0,4.0,1.0,3.0,4.0,1.0,4.0,2.0,4.0,4.0,5.0,3.0,,,2.0,2.0,3.0,4.0,1.0,,2.0,5.0
157,8.2.2021 17:03:02,woman,20,CS,5.0,5.0,5.0,5.0,4.0,5.0,5.0,2.0,5.0,2.0,5.0,2.0,5.0,2.0,3.0,3.0,5.0,5.0,4.0,4.0,3.0,5.0,5.0,5.0,5.0,5.0,5.0,5.0,5.0,3.0,4.0,3.0,4.0,5.0,5.0,5.0,5.0,5.0,5.0,5.0,4.0,4.0,4.0,4.0,5.0,1.0,5.0,5.0,2.0,5.0,5.0,5.0,5.0,3.0,2.0,5.0,3.0,5.0,4.0,5.0,5.0,5.0,3.0,5.0,4.0,5.0,5.0,5.0,4.0,1.0,2.0,2.0,5.0
158,8.2.2021 17:43:52,man,42,CS,5.0,5.0,5.0,5.0,1.0,5.0,5.0,1.0,5.0,1.0,5.0,1.0,5.0,1.0,1.0,,5.0,5.0,1.0,4.0,1.0,1.0,5.0,5.0,1.0,5.0,5.0,1.0,5.0,1.0,1.0,1.0,1.0,5.0,1.0,5.0,5.0,1.0,1.0,5.0,1.0,5.0,1.0,1.0,,1.0,5.0,5.0,1.0,1.0,5.0,1.0,1.0,1.0,1.0,5.0,1.0,5.0,1.0,5.0,5.0,5.0,5.0,4.0,1.0,5.0,1.0,5.0,1.0,1.0,,1.0,1.0
159,8.2.2021 17:49:18,woman,25,CS,4.0,5.0,5.0,4.0,3.0,5.0,3.0,1.0,5.0,4.0,4.0,2.0,3.0,1.0,1.0,1.0,5.0,4.0,2.0,1.0,1.0,4.0,5.0,3.0,3.0,5.0,3.0,5.0,5.0,5.0,5.0,2.0,4.0,5.0,5.0,3.0,5.0,4.0,5.0,3.0,1.0,2.0,1.0,1.0,1.0,1.0,2.0,5.0,1.0,4.0,5.0,2.0,4.0,4.0,4.0,3.0,1.0,3.0,5.0,5.0,5.0,5.0,5.0,,1.0,5.0,3.0,5.0,4.0,1.0,,1.0,5.0
160,8.2.2021 18:17:58,woman,24,CS,3.0,5.0,5.0,4.0,1.0,2.0,1.0,1.0,4.0,1.0,5.0,1.0,3.0,1.0,1.0,1.0,5.0,5.0,1.0,3.0,2.0,1.0,4.0,2.0,2.0,4.0,2.0,1.0,4.0,3.0,2.0,1.0,4.0,5.0,3.0,3.0,5.0,3.0,2.0,3.0,2.0,5.0,1.0,3.0,1.0,1.0,3.0,5.0,1.0,3.0,5.0,5.0,2.0,3.0,1.0,4.0,1.0,5.0,1.0,2.0,4.0,5.0,5.0,1.0,3.0,4.0,4.0,5.0,1.0,1.0,1.0,2.0,5.0
161,8.2.2021 18:20:23,woman,19,CS,3.0,5.0,5.0,4.0,2.0,5.0,5.0,2.0,5.0,2.0,4.0,4.0,4.0,,,5.0,5.0,4.0,5.0,5.0,5.0,5.0,5.0,5.0,5.0,5.0,5.0,5.0,5.0,5.0,5.0,,5.0,5.0,5.0,5.0,5.0,5.0,5.0,5.0,5.0,5.0,,5.0,,3.0,5.0,5.0,3.0,5.0,5.0,5.0,5.0,5.0,4.0,5.0,1.0,5.0,5.0,5.0,5.0,5.0,5.0,,,5.0,5.0,5.0,5.0,3.0,,5.0,5.0
162,8.2.2021 18:47:31,woman,17,CS,3.0,4.0,5.0,4.0,3.0,3.0,3.0,1.0,1.0,5.0,3.0,2.0,2.0,1.0,1.0,1.0,5.0,3.0,3.0,2.0,1.0,2.0,3.0,3.0,4.0,5.0,3.0,2.0,4.0,4.0,4.0,,4.0,5.0,5.0,4.0,4.0,2.0,2.0,2.0,3.0,3.0,1.0,2.0,1.0,1.0,2.0,5.0,1.0,2.0,5.0,2.0,2.0,1.0,2.0,3.0,5.0,3.0,2.0,3.0,3.0,5.0,5.0,2.0,2.0,5.0,3.0,5.0,4.0,1.0,,3.0,5.0
163,8.2.2021 20:17:51,man,28,CS,1.0,3.0,1.0,1.0,4.0,1.0,1.0,4.0,,1.0,1.0,5.0,1.0,,,,1.0,1.0,3.0,,1.0,4.0,1.0,1.0,1.0,1.0,1.0,1.0,1.0,3.0,1.0,1.0,1.0,1.0,4.0,1.0,1.0,1.0,1.0,1.0,1.0,4.0,,,,1.0,1.0,1.0,1.0,1.0,1.0,1.0,1.0,1.0,1.0,1.0,1.0,1.0,5.0,1.0,,1.0,,,,,,,,,,2.0,
164,8.2.2021 21:12:58,woman,19,CS,4.0,5.0,5.0,5.0,2.0,5.0,4.0,3.0,5.0,1.0,4.0,1.0,4.0,1.0,,1.0,4.0,4.0,5.0,4.0,,3.0,4.0,4.0,4.0,4.0,4.0,3.0,4.0,5.0,5.0,,3.0,4.0,5.0,5.0,3.0,4.0,3.0,3.0,,3.0,,2.0,,1.0,1.0,4.0,,4.0,5.0,2.0,4.0,1.0,,4.0,,4.0,,4.0,5.0,5.0,5.0,,,5.0,1.0,5.0,1.0,1.0,,,5.0
165,8.2.2021 21:23:10,woman,22,CS,5.0,5.0,5.0,4.0,5.0,5.0,5.0,3.0,4.0,5.0,5.0,3.0,4.0,3.0,1.0,3.0,5.0,5.0,4.0,1.0,2.0,2.0,4.0,2.0,2.0,3.0,2.0,4.0,3.0,5.0,4.0,2.0,3.0,2.0,2.0,1.0,2.0,4.0,5.0,3.0,2.0,1.0,2.0,3.0,2.0,4.0,2.0,4.0,1.0,3.0,5.0,3.0,2.0,3.0,3.0,1.0,1.0,2.0,3.0,3.0,5.0,5.0,5.0,2.0,2.0,5.0,2.0,5.0,5.0,3.0,2.0,4.0,5.0
166,8.2.2021 21:39:07,woman,24,SK,5.0,5.0,5.0,5.0,5.0,5.0,5.0,5.0,5.0,5.0,5.0,5.0,5.0,5.0,5.0,1.0,5.0,5.0,5.0,5.0,5.0,5.0,5.0,5.0,5.0,5.0,5.0,5.0,5.0,5.0,5.0,5.0,5.0,5.0,5.0,5.0,5.0,5.0,5.0,5.0,5.0,5.0,5.0,5.0,5.0,5.0,5.0,5.0,5.0,5.0,5.0,5.0,5.0,5.0,5.0,5.0,5.0,5.0,5.0,5.0,5.0,5.0,5.0,5.0,5.0,5.0,5.0,5.0,5.0,5.0,5.0,1.0,5.0
167,8.2.2021 21:55:03,woman,23,CS,2.0,1.0,1.0,2.0,2.0,1.0,1.0,4.0,1.0,2.0,2.0,4.0,2.0,5.0,5.0,,1.0,2.0,2.0,5.0,5.0,2.0,2.0,3.0,3.0,3.0,3.0,2.0,3.0,1.0,2.0,,2.0,3.0,4.0,3.0,3.0,3.0,2.0,2.0,4.0,2.0,5.0,3.0,,3.0,2.0,2.0,,3.0,2.0,2.0,3.0,5.0,5.0,3.0,,3.0,3.0,2.0,2.0,1.0,2.0,,5.0,2.0,4.0,1.0,3.0,5.0,,3.0,2.0
168,8.2.2021 22:03:21,woman,27,CS,5.0,5.0,4.0,5.0,4.0,4.0,4.0,1.0,4.0,4.0,4.0,3.0,4.0,,,,5.0,4.0,4.0,2.0,,2.0,5.0,4.0,5.0,2.0,3.0,4.0,4.0,3.0,2.0,,3.0,5.0,5.0,3.0,4.0,3.0,5.0,5.0,3.0,3.0,,2.0,,1.0,3.0,5.0,,4.0,5.0,3.0,5.0,1.0,1.0,4.0,,3.0,5.0,4.0,4.0,5.0,5.0,,,5.0,4.0,5.0,4.0,3.0,,4.0,5.0
169,8.2.2021 22:18:34,woman,21,CS,4.0,5.0,5.0,5.0,4.0,4.0,5.0,3.0,3.0,3.0,5.0,3.0,2.0,3.0,2.0,,5.0,4.0,5.0,4.0,,4.0,5.0,5.0,4.0,5.0,4.0,5.0,5.0,5.0,5.0,,5.0,5.0,5.0,4.0,5.0,5.0,5.0,5.0,3.0,5.0,,4.0,,4.0,4.0,4.0,3.0,5.0,,5.0,5.0,4.0,4.0,4.0,2.0,4.0,4.0,5.0,5.0,5.0,5.0,,,5.0,4.0,5.0,4.0,3.0,,4.0,4.0
170,9.2.2021 8:01:19,woman,25,CS,5.0,5.0,5.0,5.0,3.0,5.0,3.0,1.0,3.0,5.0,4.0,2.0,4.0,,,,5.0,5.0,4.0,3.0,,3.0,5.0,4.0,2.0,5.0,4.0,3.0,3.0,5.0,3.0,4.0,5.0,5.0,4.0,3.0,4.0,3.0,3.0,4.0,,3.0,,2.0,,2.0,3.0,5.0,,3.0,5.0,3.0,4.0,3.0,4.0,3.0,2.0,4.0,4.0,4.0,5.0,5.0,5.0,,,5.0,4.0,5.0,5.0,1.0,,3.0,5.0
171,9.2.2021 8:21:19,woman,22,CS,5.0,5.0,5.0,5.0,2.0,5.0,3.0,2.0,2.0,3.0,3.0,2.0,4.0,1.0,,,5.0,2.0,3.0,4.0,2.0,4.0,4.0,3.0,2.0,5.0,1.0,5.0,4.0,4.0,5.0,,3.0,5.0,5.0,1.0,3.0,5.0,5.0,4.0,2.0,1.0,,1.0,2.0,1.0,1.0,1.0,1.0,4.0,5.0,1.0,3.0,2.0,1.0,2.0,1.0,3.0,4.0,5.0,4.0,5.0,5.0,,2.0,4.0,3.0,5.0,5.0,1.0,,3.0,4.0
172,9.2.2021 9:13:47,woman,17,SK,5.0,5.0,4.0,5.0,4.0,2.0,2.0,2.0,1.0,3.0,4.0,3.0,3.0,1.0,1.0,1.0,3.0,5.0,2.0,1.0,1.0,1.0,4.0,2.0,2.0,5.0,3.0,2.0,5.0,3.0,3.0,1.0,2.0,3.0,2.0,3.0,5.0,3.0,2.0,3.0,2.0,2.0,1.0,1.0,1.0,2.0,1.0,5.0,2.0,4.0,5.0,3.0,3.0,3.0,2.0,3.0,5.0,2.0,3.0,5.0,4.0,5.0,1.0,1.0,1.0,3.0,2.0,4.0,4.0,4.0,1.0,2.0,3.0
173,9.2.2021 12:47:49,woman,20,CS,3.0,5.0,5.0,5.0,5.0,5.0,5.0,5.0,5.0,5.0,5.0,5.0,5.0,5.0,,1.0,5.0,5.0,5.0,,,5.0,5.0,5.0,5.0,3.0,5.0,5.0,5.0,5.0,5.0,,5.0,5.0,5.0,5.0,5.0,5.0,5.0,5.0,5.0,5.0,3.0,5.0,,5.0,5.0,5.0,4.0,5.0,5.0,5.0,5.0,5.0,5.0,5.0,1.0,5.0,5.0,5.0,5.0,5.0,5.0,1.0,2.0,5.0,5.0,5.0,5.0,5.0,,5.0,5.0
174,9.2.2021 17:52:08,man,56,CS,3.0,5.0,5.0,4.0,4.0,5.0,5.0,,5.0,2.0,4.0,1.0,4.0,,,,5.0,4.0,5.0,,,5.0,5.0,4.0,5.0,5.0,4.0,5.0,5.0,1.0,5.0,,5.0,5.0,5.0,4.0,5.0,5.0,5.0,5.0,,2.0,,1.0,,1.0,3.0,5.0,,5.0,5.0,3.0,5.0,2.0,1.0,3.0,1.0,1.0,2.0,5.0,5.0,5.0,5.0,,,5.0,5.0,5.0,5.0,1.0,,2.0,5.0
175,9.2.2021 18:28:04,woman,22,CS,4.0,5.0,4.0,4.0,3.0,5.0,4.0,3.0,2.0,3.0,4.0,3.0,4.0,3.0,,,5.0,3.0,5.0,3.0,,5.0,5.0,4.0,4.0,5.0,4.0,5.0,5.0,4.0,5.0,,5.0,5.0,5.0,4.0,5.0,5.0,5.0,4.0,4.0,4.0,,3.0,,3.0,4.0,3.0,,4.0,5.0,4.0,3.0,4.0,3.0,5.0,,4.0,5.0,4.0,5.0,5.0,5.0,,,4.0,4.0,5.0,5.0,3.0,,5.0,5.0
176,9.2.2021 21:48:34,woman,23,CS,4.0,5.0,5.0,5.0,5.0,5.0,5.0,3.0,5.0,3.0,5.0,3.0,4.0,3.0,5.0,5.0,5.0,5.0,5.0,5.0,5.0,5.0,5.0,5.0,5.0,5.0,5.0,5.0,5.0,2.0,5.0,4.0,5.0,5.0,5.0,5.0,5.0,5.0,5.0,5.0,5.0,5.0,4.0,5.0,5.0,3.0,5.0,5.0,4.0,5.0,5.0,5.0,5.0,4.0,4.0,5.0,4.0,5.0,5.0,5.0,5.0,5.0,5.0,5.0,,5.0,5.0,5.0,5.0,1.0,,3.0,5.0
177,9.2.2021 23:25:14,woman,24,CS,4.0,4.0,4.0,4.0,3.0,3.0,4.0,2.0,4.0,2.0,3.0,3.0,2.0,1.0,1.0,1.0,5.0,3.0,2.0,1.0,1.0,3.0,4.0,3.0,3.0,5.0,2.0,3.0,4.0,3.0,3.0,1.0,3.0,5.0,5.0,2.0,4.0,3.0,4.0,3.0,2.0,2.0,1.0,1.0,,2.0,2.0,4.0,1.0,3.0,5.0,3.0,3.0,2.0,2.0,2.0,1.0,2.0,2.0,4.0,5.0,5.0,5.0,,,5.0,5.0,5.0,3.0,2.0,,4.0,4.0
178,10.2.2021 7:56:17,woman,25,CS,2.0,5.0,5.0,5.0,5.0,5.0,4.0,3.0,4.0,5.0,5.0,5.0,5.0,1.0,1.0,2.0,5.0,5.0,5.0,1.0,1.0,2.0,3.0,2.0,3.0,5.0,4.0,3.0,4.0,3.0,4.0,1.0,3.0,4.0,5.0,5.0,4.0,3.0,3.0,3.0,2.0,2.0,1.0,3.0,1.0,2.0,1.0,3.0,2.0,3.0,5.0,2.0,2.0,2.0,3.0,2.0,2.0,4.0,5.0,3.0,4.0,5.0,5.0,1.0,1.0,4.0,3.0,5.0,2.0,3.0,1.0,2.0,4.0
179,11.2.2021 19:16:17,woman,21,CS,4.0,4.0,4.0,4.0,4.0,4.0,4.0,4.0,4.0,4.0,4.0,4.0,4.0,3.0,2.0,1.0,4.0,4.0,4.0,4.0,2.0,4.0,4.0,4.0,4.0,4.0,4.0,4.0,4.0,4.0,4.0,4.0,4.0,4.0,4.0,4.0,4.0,4.0,4.0,4.0,4.0,4.0,3.0,4.0,,4.0,4.0,4.0,,4.0,4.0,4.0,4.0,4.0,4.0,4.0,4.0,4.0,4.0,4.0,4.0,4.0,4.0,1.0,2.0,4.0,4.0,4.0,4.0,4.0,,4.0,4.0
180,3.2.2021 20:17:16,woman,23,CS,3.0,5.0,4.0,3.0,2.0,4.0,3.0,1.0,3.0,1.0,3.0,1.0,3.0,,,,5.0,2.0,3.0,4.0,3.0,,5.0,5.0,3.0,5.0,3.0,4.0,5.0,1.0,3.0,,3.0,5.0,5.0,4.0,5.0,4.0,5.0,4.0,3.0,3.0,2.0,2.0,,3.0,2.0,4.0,,4.0,5.0,3.0,4.0,3.0,3.0,4.0,2.0,3.0,2.0,5.0,4.0,5.0,3.0,,,3.0,3.0,5.0,3.0,1.0,,2.0,5.0
181,4.2.2021 11:23:14,woman,24,CS,5.0,5.0,5.0,5.0,5.0,5.0,4.0,5.0,3.0,5.0,5.0,5.0,4.0,2.0,2.0,1.0,5.0,5.0,5.0,2.0,1.0,5.0,5.0,5.0,4.0,5.0,5.0,5.0,5.0,2.0,5.0,2.0,5.0,5.0,5.0,5.0,5.0,5.0,5.0,4.0,2.0,3.0,2.0,3.0,1.0,1.0,3.0,5.0,1.0,3.0,5.0,4.0,4.0,4.0,3.0,5.0,1.0,4.0,3.0,5.0,4.0,5.0,5.0,,,5.0,2.0,5.0,4.0,2.0,,3.0,5.0
182,4.2.2021 11:26:12,woman,31,CS,3.0,5.0,5.0,5.0,3.0,5.0,4.0,1.0,5.0,2.0,5.0,1.0,3.0,,,,5.0,4.0,3.0,3.0,,2.0,3.0,3.0,4.0,5.0,4.0,4.0,4.0,1.0,5.0,1.0,4.0,4.0,4.0,4.0,4.0,4.0,5.0,4.0,3.0,1.0,2.0,2.0,2.0,1.0,2.0,5.0,,4.0,5.0,2.0,4.0,2.0,2.0,3.0,,4.0,5.0,4.0,5.0,5.0,5.0,,,5.0,5.0,5.0,5.0,2.0,,2.0,5.0
183,4.2.2021 11:26:20,woman,43,SK,5.0,5.0,5.0,5.0,3.0,5.0,5.0,2.0,5.0,3.0,5.0,3.0,4.0,3.0,,,5.0,5.0,4.0,,2.0,4.0,5.0,4.0,5.0,5.0,4.0,3.0,4.0,4.0,5.0,1.0,5.0,5.0,5.0,4.0,5.0,3.0,5.0,3.0,3.0,3.0,1.0,2.0,4.0,1.0,3.0,4.0,1.0,2.0,5.0,4.0,5.0,3.0,3.0,4.0,2.0,4.0,2.0,5.0,5.0,5.0,4.0,4.0,5.0,5.0,5.0,5.0,5.0,2.0,,,5.0
184,4.2.2021 11:35:59,man,29,CS,5.0,5.0,5.0,5.0,5.0,5.0,5.0,5.0,5.0,5.0,5.0,5.0,5.0,,,,5.0,5.0,5.0,5.0,5.0,5.0,5.0,5.0,5.0,5.0,5.0,5.0,5.0,5.0,5.0,,5.0,5.0,5.0,5.0,5.0,5.0,5.0,5.0,5.0,5.0,5.0,5.0,,5.0,5.0,5.0,5.0,5.0,5.0,5.0,5.0,5.0,5.0,5.0,5.0,5.0,5.0,5.0,5.0,5.0,5.0,,5.0,5.0,5.0,5.0,5.0,5.0,,5.0,5.0
185,4.2.2021 11:46:56,man,64,CS,2.0,4.0,4.0,1.0,3.0,4.0,4.0,,4.0,1.0,4.0,1.0,2.0,,2.0,,4.0,2.0,4.0,4.0,,4.0,4.0,3.0,4.0,4.0,4.0,4.0,3.0,1.0,3.0,,4.0,4.0,4.0,3.0,3.0,4.0,4.0,4.0,4.0,3.0,,4.0,,2.0,3.0,4.0,,4.0,4.0,4.0,3.0,2.0,2.0,3.0,4.0,4.0,3.0,4.0,4.0,4.0,4.0,,4.0,4.0,4.0,4.0,4.0,2.0,3.0,3.0,4.0
186,4.2.2021 11:57:23,man,33,CS,3.0,5.0,5.0,3.0,3.0,5.0,5.0,2.0,4.0,3.0,4.0,2.0,3.0,,,,5.0,5.0,4.0,,2.0,4.0,4.0,4.0,4.0,5.0,3.0,4.0,4.0,5.0,4.0,,4.0,5.0,5.0,3.0,4.0,4.0,4.0,4.0,3.0,3.0,,1.0,,1.0,4.0,4.0,1.0,4.0,5.0,2.0,4.0,4.0,2.0,3.0,,3.0,1.0,4.0,5.0,5.0,3.0,,,5.0,5.0,5.0,5.0,1.0,,2.0,5.0
187,4.2.2021 12:12:27,woman,49,CS,4.0,5.0,5.0,5.0,4.0,5.0,5.0,2.0,5.0,2.0,5.0,2.0,5.0,,,,5.0,4.0,2.0,,,4.0,5.0,4.0,4.0,4.0,3.0,5.0,4.0,1.0,5.0,,5.0,5.0,5.0,3.0,4.0,5.0,5.0,5.0,3.0,3.0,,1.0,,1.0,3.0,4.0,1.0,5.0,5.0,3.0,4.0,2.0,3.0,3.0,2.0,3.0,3.0,5.0,5.0,5.0,5.0,,,5.0,,5.0,4.0,1.0,1.0,3.0,5.0
188,4.2.2021 12:14:32,woman,24,CS,4.0,5.0,4.0,4.0,4.0,5.0,4.0,2.0,5.0,4.0,5.0,4.0,3.0,2.0,1.0,1.0,5.0,5.0,3.0,2.0,3.0,4.0,5.0,4.0,4.0,5.0,3.0,5.0,5.0,3.0,5.0,,5.0,5.0,5.0,2.0,4.0,5.0,5.0,5.0,4.0,1.0,2.0,1.0,4.0,1.0,2.0,5.0,2.0,5.0,5.0,4.0,3.0,3.0,3.0,1.0,2.0,2.0,4.0,5.0,5.0,5.0,4.0,2.0,2.0,5.0,4.0,5.0,4.0,2.0,,4.0,5.0
189,4.2.2021 12:32:12,man,29,CS,4.0,5.0,5.0,5.0,3.0,5.0,5.0,2.0,5.0,4.0,5.0,2.0,4.0,,3.0,,5.0,4.0,5.0,,,3.0,5.0,4.0,3.0,5.0,4.0,3.0,4.0,3.0,5.0,2.0,4.0,5.0,5.0,4.0,4.0,2.0,4.0,3.0,3.0,1.0,,4.0,3.0,1.0,3.0,4.0,3.0,3.0,5.0,5.0,3.0,2.0,2.0,2.0,1.0,2.0,5.0,5.0,5.0,5.0,5.0,,,5.0,5.0,5.0,5.0,1.0,,2.0,5.0
190,4.2.2021 12:39:43,man,29,CS,4.0,5.0,5.0,5.0,5.0,5.0,5.0,4.0,5.0,5.0,5.0,3.0,5.0,,,,5.0,5.0,5.0,,5.0,5.0,5.0,5.0,5.0,5.0,5.0,5.0,5.0,4.0,5.0,,5.0,5.0,5.0,5.0,5.0,5.0,5.0,5.0,5.0,5.0,5.0,5.0,5.0,5.0,5.0,5.0,2.0,5.0,5.0,5.0,5.0,2.0,3.0,5.0,2.0,5.0,5.0,5.0,5.0,5.0,5.0,,,5.0,5.0,5.0,5.0,2.0,1.0,3.0,5.0
191,4.2.2021 12:53:48,man,26,CS,4.0,5.0,5.0,4.0,2.0,4.0,2.0,2.0,4.0,3.0,3.0,2.0,3.0,,1.0,,5.0,4.0,4.0,,,2.0,2.0,3.0,2.0,5.0,2.0,2.0,3.0,3.0,2.0,,2.0,5.0,5.0,2.0,3.0,2.0,3.0,3.0,2.0,2.0,1.0,2.0,,2.0,2.0,4.0,1.0,2.0,5.0,2.0,2.0,2.0,2.0,3.0,2.0,2.0,3.0,3.0,3.0,5.0,4.0,,1.0,5.0,2.0,4.0,1.0,1.0,1.0,2.0,4.0
192,4.2.2021 13:05:52,woman,35,CS,5.0,5.0,5.0,5.0,5.0,5.0,5.0,5.0,5.0,5.0,5.0,5.0,5.0,1.0,1.0,5.0,5.0,5.0,5.0,5.0,3.0,5.0,5.0,5.0,5.0,5.0,5.0,5.0,5.0,5.0,5.0,2.0,5.0,5.0,5.0,5.0,5.0,5.0,5.0,5.0,5.0,5.0,3.0,4.0,1.0,5.0,5.0,5.0,3.0,5.0,5.0,5.0,5.0,5.0,5.0,5.0,5.0,5.0,5.0,5.0,5.0,5.0,5.0,1.0,5.0,5.0,5.0,5.0,5.0,5.0,2.0,5.0,5.0
193,4.2.2021 13:37:00,man,19,CS,3.0,5.0,4.0,5.0,1.0,3.0,2.0,1.0,2.0,1.0,4.0,1.0,3.0,1.0,1.0,1.0,5.0,4.0,2.0,1.0,,2.0,4.0,4.0,4.0,5.0,2.0,2.0,4.0,2.0,2.0,,4.0,5.0,5.0,2.0,4.0,3.0,2.0,3.0,,1.0,,,,1.0,3.0,2.0,,2.0,4.0,2.0,3.0,3.0,2.0,1.0,1.0,2.0,4.0,4.0,4.0,5.0,5.0,,,,,4.0,3.0,1.0,1.0,2.0,5.0
194,4.2.2021 13:38:34,man,29,CS,4.0,5.0,5.0,3.0,3.0,4.0,5.0,2.0,5.0,3.0,5.0,2.0,3.0,3.0,4.0,,5.0,3.0,5.0,4.0,4.0,4.0,5.0,5.0,4.0,5.0,4.0,5.0,5.0,3.0,5.0,3.0,5.0,5.0,5.0,5.0,5.0,5.0,5.0,4.0,4.0,4.0,2.0,2.0,4.0,2.0,4.0,,2.0,5.0,5.0,4.0,4.0,3.0,3.0,5.0,,4.0,3.0,5.0,4.0,5.0,5.0,,3.0,4.0,4.0,5.0,5.0,3.0,2.0,3.0,5.0
195,4.2.2021 13:43:55,man,26,CS,4.0,5.0,5.0,5.0,4.0,5.0,5.0,3.0,5.0,3.0,5.0,1.0,4.0,3.0,5.0,4.0,5.0,5.0,3.0,5.0,,5.0,5.0,5.0,5.0,5.0,4.0,5.0,5.0,3.0,5.0,5.0,5.0,5.0,5.0,4.0,5.0,5.0,5.0,5.0,5.0,3.0,5.0,4.0,5.0,3.0,4.0,5.0,3.0,5.0,5.0,5.0,5.0,5.0,4.0,5.0,3.0,5.0,4.0,5.0,5.0,5.0,5.0,5.0,,5.0,,5.0,5.0,3.0,3.0,3.0,5.0
196,4.2.2021 13:50:32,woman,28,CS,3.0,5.0,5.0,5.0,4.0,5.0,5.0,3.0,5.0,4.0,4.0,3.0,2.0,,,,5.0,3.0,5.0,5.0,3.0,5.0,5.0,5.0,5.0,5.0,3.0,5.0,5.0,4.0,5.0,,5.0,5.0,5.0,3.0,5.0,5.0,5.0,4.0,,3.0,,5.0,,3.0,4.0,5.0,3.0,5.0,5.0,4.0,5.0,4.0,3.0,3.0,2.0,3.0,5.0,5.0,5.0,5.0,5.0,,,5.0,5.0,5.0,5.0,3.0,5.0,5.0,5.0
197,4.2.2021 13:50:48,woman,26,CS,4.0,5.0,5.0,5.0,5.0,5.0,5.0,4.0,5.0,4.0,5.0,4.0,4.0,4.0,4.0,2.0,5.0,5.0,5.0,5.0,,5.0,5.0,5.0,5.0,5.0,5.0,5.0,5.0,5.0,5.0,4.0,5.0,5.0,5.0,4.0,5.0,5.0,5.0,5.0,5.0,4.0,3.0,4.0,5.0,4.0,5.0,,5.0,5.0,5.0,5.0,5.0,4.0,5.0,4.0,4.0,4.0,5.0,5.0,5.0,5.0,5.0,5.0,3.0,5.0,5.0,5.0,5.0,5.0,3.0,5.0,5.0
198,4.2.2021 13:51:06,woman,19,CS,5.0,5.0,5.0,4.0,4.0,5.0,5.0,5.0,5.0,5.0,5.0,4.0,3.0,3.0,,1.0,5.0,4.0,4.0,,3.0,5.0,5.0,5.0,5.0,5.0,5.0,5.0,5.0,5.0,5.0,3.0,5.0,5.0,5.0,5.0,5.0,5.0,5.0,5.0,4.0,5.0,3.0,5.0,3.0,4.0,5.0,5.0,,5.0,5.0,3.0,5.0,3.0,3.0,5.0,4.0,5.0,5.0,5.0,5.0,5.0,5.0,2.0,3.0,5.0,5.0,5.0,5.0,4.0,2.0,5.0,5.0
199,4.2.2021 14:28:23,man,22,CS,2.0,5.0,5.0,2.0,2.0,5.0,4.0,1.0,5.0,1.0,5.0,1.0,2.0,1.0,,,5.0,2.0,4.0,,,4.0,5.0,4.0,4.0,5.0,3.0,5.0,4.0,2.0,4.0,2.0,4.0,5.0,5.0,3.0,4.0,5.0,5.0,5.0,4.0,2.0,1.0,2.0,,2.0,3.0,4.0,,5.0,4.0,3.0,4.0,3.0,4.0,3.0,2.0,2.0,3.0,5.0,4.0,5.0,5.0,,,4.0,4.0,4.0,3.0,1.0,,2.0,5.0
200,4.2.2021 15:07:34,woman,19,CS,3.0,5.0,5.0,4.0,3.0,5.0,4.0,1.0,5.0,2.0,5.0,2.0,3.0,,,1.0,5.0,3.0,4.0,3.0,2.0,4.0,3.0,4.0,4.0,5.0,5.0,4.0,4.0,5.0,4.0,,3.0,5.0,5.0,5.0,4.0,4.0,4.0,4.0,2.0,2.0,,2.0,,2.0,2.0,5.0,,4.0,5.0,,4.0,3.0,1.0,2.0,4.0,3.0,2.0,5.0,5.0,5.0,5.0,2.0,2.0,5.0,4.0,5.0,3.0,1.0,,3.0,5.0
201,4.2.2021 15:22:07,man,24,CS,5.0,5.0,5.0,5.0,4.0,5.0,5.0,,5.0,3.0,5.0,3.0,3.0,,,,5.0,5.0,5.0,5.0,1.0,5.0,5.0,4.0,4.0,5.0,4.0,5.0,5.0,3.0,5.0,,5.0,5.0,5.0,4.0,5.0,5.0,5.0,5.0,1.0,2.0,,3.0,,4.0,2.0,5.0,,5.0,5.0,4.0,3.0,3.0,3.0,4.0,1.0,3.0,5.0,5.0,5.0,5.0,5.0,,,5.0,5.0,5.0,5.0,4.0,,5.0,5.0
202,4.2.2021 15:22:44,man,20,CS,5.0,5.0,5.0,5.0,3.0,5.0,4.0,3.0,5.0,3.0,4.0,2.0,3.0,3.0,3.0,3.0,5.0,4.0,4.0,4.0,3.0,4.0,5.0,4.0,4.0,5.0,4.0,5.0,5.0,2.0,4.0,2.0,4.0,4.0,5.0,4.0,5.0,5.0,5.0,5.0,4.0,4.0,3.0,4.0,3.0,1.0,4.0,5.0,3.0,,5.0,5.0,4.0,3.0,3.0,4.0,2.0,4.0,4.0,5.0,4.0,5.0,3.0,2.0,3.0,5.0,5.0,4.0,5.0,2.0,1.0,1.0,5.0
203,4.2.2021 17:31:45,man,31,CS,5.0,5.0,5.0,5.0,2.0,5.0,5.0,,5.0,2.0,4.0,1.0,5.0,,,1.0,5.0,2.0,5.0,,,5.0,2.0,5.0,5.0,5.0,4.0,5.0,5.0,3.0,1.0,,2.0,5.0,5.0,4.0,5.0,5.0,5.0,5.0,,4.0,,3.0,,2.0,3.0,5.0,1.0,5.0,5.0,3.0,5.0,2.0,3.0,4.0,3.0,5.0,2.0,5.0,5.0,5.0,5.0,,,5.0,,5.0,5.0,1.0,,1.0,5.0
204,4.2.2021 17:32:50,man,22,CS,3.0,1.0,1.0,3.0,3.0,1.0,1.0,3.0,1.0,4.0,2.0,3.0,3.0,3.0,5.0,5.0,1.0,3.0,1.0,5.0,1.0,1.0,1.0,1.0,1.0,1.0,1.0,1.0,1.0,1.0,1.0,3.0,1.0,1.0,1.0,1.0,1.0,1.0,1.0,1.0,3.0,3.0,5.0,3.0,5.0,3.0,4.0,1.0,4.0,1.0,1.0,3.0,1.0,3.0,3.0,4.0,1.0,4.0,1.0,1.0,1.0,1.0,1.0,5.0,5.0,1.0,1.0,1.0,1.0,1.0,5.0,1.0,1.0
205,4.2.2021 17:45:17,woman,24,CS,3.0,5.0,5.0,3.0,4.0,5.0,4.0,2.0,5.0,3.0,5.0,2.0,3.0,,,1.0,5.0,4.0,4.0,5.0,4.0,5.0,5.0,5.0,5.0,5.0,5.0,5.0,5.0,2.0,5.0,,5.0,5.0,5.0,5.0,5.0,5.0,5.0,5.0,4.0,4.0,,2.0,,1.0,4.0,5.0,2.0,5.0,5.0,5.0,5.0,2.0,2.0,5.0,1.0,4.0,2.0,5.0,5.0,5.0,5.0,,5.0,5.0,5.0,5.0,5.0,1.0,,2.0,5.0
206,4.2.2021 17:55:47,woman,58,CS,4.0,,4.0,4.0,4.0,4.0,5.0,4.0,5.0,3.0,5.0,2.0,3.0,,,,5.0,5.0,5.0,2.0,,3.0,4.0,4.0,2.0,5.0,4.0,5.0,3.0,2.0,3.0,,2.0,5.0,5.0,4.0,,5.0,5.0,5.0,,1.0,,,,,1.0,,,5.0,5.0,4.0,,2.0,1.0,2.0,4.0,2.0,4.0,3.0,5.0,5.0,5.0,,,5.0,5.0,5.0,5.0,4.0,,5.0,5.0
207,4.2.2021 17:56:06,woman,80,CS,5.0,5.0,5.0,5.0,2.0,4.0,5.0,1.0,5.0,1.0,5.0,1.0,5.0,1.0,1.0,1.0,5.0,5.0,1.0,5.0,,1.0,5.0,5.0,2.0,5.0,3.0,2.0,5.0,1.0,2.0,,2.0,5.0,2.0,5.0,5.0,2.0,2.0,1.0,1.0,5.0,,1.0,,3.0,3.0,4.0,,1.0,5.0,2.0,2.0,1.0,1.0,5.0,1.0,5.0,2.0,4.0,4.0,5.0,4.0,1.0,,1.0,1.0,5.0,1.0,1.0,,,1.0
208,4.2.2021 17:56:35,woman,55,CS,3.0,5.0,5.0,3.0,2.0,5.0,5.0,2.0,5.0,2.0,5.0,1.0,3.0,,,1.0,5.0,4.0,3.0,4.0,,5.0,5.0,5.0,5.0,5.0,5.0,5.0,5.0,3.0,2.0,1.0,5.0,5.0,5.0,5.0,5.0,5.0,5.0,5.0,,4.0,1.0,4.0,4.0,2.0,5.0,5.0,1.0,5.0,5.0,5.0,4.0,1.0,1.0,5.0,1.0,5.0,3.0,5.0,5.0,5.0,5.0,,,5.0,5.0,5.0,5.0,1.0,,2.0,5.0
209,4.2.2021 18:00:55,man,56,CS,1.0,3.0,3.0,1.0,3.0,3.0,3.0,1.0,3.0,1.0,3.0,1.0,3.0,,,1.0,3.0,1.0,3.0,3.0,1.0,3.0,3.0,3.0,3.0,3.0,3.0,3.0,3.0,3.0,3.0,3.0,3.0,3.0,3.0,3.0,3.0,3.0,3.0,3.0,2.0,2.0,2.0,3.0,3.0,3.0,1.0,3.0,2.0,3.0,3.0,3.0,3.0,3.0,3.0,3.0,2.0,3.0,3.0,3.0,3.0,3.0,3.0,1.0,3.0,3.0,3.0,3.0,3.0,2.0,,3.0,3.0
210,4.2.2021 18:45:40,man,34,SK,3.0,5.0,4.0,4.0,3.0,3.0,4.0,3.0,4.0,3.0,4.0,2.0,3.0,4.0,3.0,4.0,4.0,4.0,4.0,4.0,4.0,3.0,5.0,4.0,4.0,4.0,3.0,4.0,4.0,4.0,4.0,4.0,4.0,4.0,5.0,3.0,5.0,4.0,4.0,4.0,4.0,4.0,3.0,4.0,3.0,3.0,4.0,4.0,3.0,4.0,4.0,4.0,4.0,4.0,4.0,4.0,4.0,3.0,4.0,5.0,3.0,5.0,4.0,4.0,4.0,4.0,4.0,5.0,4.0,3.0,3.0,4.0,3.0
211,4.2.2021 19:05:28,man,21,CS,5.0,5.0,5.0,5.0,3.0,5.0,5.0,2.0,5.0,2.0,5.0,3.0,5.0,2.0,4.0,1.0,5.0,5.0,5.0,5.0,3.0,4.0,5.0,5.0,5.0,5.0,5.0,4.0,5.0,3.0,4.0,3.0,4.0,5.0,4.0,5.0,5.0,4.0,4.0,4.0,5.0,5.0,3.0,1.0,2.0,1.0,4.0,5.0,3.0,4.0,5.0,5.0,5.0,3.0,3.0,5.0,3.0,5.0,1.0,5.0,5.0,5.0,5.0,,4.0,5.0,5.0,5.0,3.0,1.0,,2.0,4.0
212,4.2.2021 20:51:13,man,51,SK,4.0,5.0,5.0,5.0,3.0,5.0,5.0,1.0,5.0,1.0,4.0,1.0,4.0,1.0,3.0,3.0,5.0,5.0,5.0,4.0,4.0,5.0,5.0,5.0,5.0,5.0,5.0,5.0,5.0,1.0,5.0,1.0,5.0,5.0,5.0,5.0,5.0,5.0,5.0,5.0,5.0,3.0,4.0,3.0,4.0,2.0,4.0,5.0,1.0,5.0,5.0,4.0,5.0,1.0,1.0,5.0,1.0,5.0,3.0,5.0,5.0,5.0,4.0,5.0,1.0,5.0,5.0,5.0,4.0,1.0,2.0,3.0,5.0
213,4.2.2021 20:54:21,woman,26,CS,3.0,5.0,5.0,5.0,2.0,5.0,5.0,2.0,5.0,4.0,5.0,4.0,5.0,3.0,2.0,1.0,5.0,5.0,5.0,5.0,,4.0,5.0,5.0,5.0,4.0,3.0,5.0,4.0,2.0,4.0,,4.0,5.0,5.0,3.0,3.0,3.0,5.0,5.0,,3.0,,5.0,,5.0,3.0,4.0,,5.0,5.0,5.0,4.0,4.0,2.0,4.0,,4.0,5.0,5.0,5.0,5.0,5.0,5.0,,5.0,5.0,5.0,5.0,2.0,,5.0,5.0
214,4.2.2021 22:28:23,man,22,CS,5.0,5.0,5.0,5.0,2.0,5.0,5.0,1.0,5.0,1.0,4.0,1.0,4.0,,,,5.0,5.0,3.0,,,4.0,5.0,4.0,4.0,5.0,3.0,3.0,4.0,1.0,2.0,,1.0,5.0,4.0,3.0,3.0,3.0,4.0,4.0,,2.0,,2.0,,1.0,4.0,4.0,,4.0,5.0,2.0,3.0,3.0,3.0,2.0,1.0,4.0,2.0,5.0,4.0,5.0,3.0,,,,,4.0,4.0,1.0,,2.0,
215,5.2.2021 5:42:44,man,49,CS,4.0,5.0,5.0,3.0,2.0,4.0,3.0,2.0,5.0,2.0,4.0,1.0,3.0,2.0,3.0,4.0,5.0,3.0,3.0,4.0,,3.0,3.0,4.0,4.0,4.0,5.0,3.0,3.0,1.0,3.0,2.0,3.0,4.0,4.0,5.0,5.0,3.0,3.0,3.0,3.0,4.0,2.0,2.0,3.0,1.0,4.0,4.0,1.0,3.0,5.0,2.0,4.0,2.0,2.0,4.0,2.0,5.0,3.0,4.0,5.0,5.0,3.0,5.0,,3.0,4.0,4.0,3.0,1.0,1.0,2.0,3.0
216,5.2.2021 9:09:46,man,26,SK,4.0,5.0,4.0,4.0,2.0,2.0,3.0,1.0,2.0,2.0,1.0,2.0,3.0,,,,5.0,3.0,2.0,,1.0,1.0,2.0,2.0,4.0,4.0,3.0,1.0,3.0,5.0,2.0,,1.0,5.0,4.0,2.0,4.0,1.0,1.0,1.0,1.0,1.0,,1.0,,1.0,1.0,1.0,,3.0,5.0,1.0,1.0,1.0,1.0,1.0,,2.0,3.0,3.0,1.0,5.0,4.0,,3.0,3.0,1.0,4.0,2.0,1.0,,1.0,4.0
217,5.2.2021 10:01:33,man,48,CS,4.0,4.0,4.0,4.0,4.0,4.0,4.0,4.0,4.0,4.0,4.0,4.0,4.0,4.0,1.0,2.0,4.0,4.0,4.0,3.0,3.0,4.0,4.0,4.0,4.0,4.0,4.0,4.0,4.0,4.0,4.0,4.0,4.0,4.0,4.0,4.0,4.0,4.0,4.0,4.0,4.0,4.0,4.0,4.0,4.0,4.0,4.0,4.0,4.0,4.0,4.0,4.0,4.0,4.0,4.0,4.0,,4.0,4.0,4.0,4.0,4.0,4.0,,4.0,4.0,4.0,4.0,4.0,4.0,,4.0,4.0
218,5.2.2021 10:50:34,man,29,CS,2.0,2.0,1.0,2.0,2.0,2.0,2.0,4.0,1.0,3.0,2.0,3.0,3.0,5.0,2.0,4.0,1.0,2.0,2.0,1.0,3.0,3.0,2.0,2.0,3.0,2.0,3.0,3.0,3.0,4.0,2.0,2.0,2.0,3.0,2.0,2.0,2.0,2.0,2.0,3.0,3.0,3.0,3.0,2.0,3.0,5.0,3.0,2.0,3.0,3.0,1.0,3.0,3.0,4.0,4.0,3.0,4.0,3.0,4.0,2.0,1.0,1.0,,3.0,2.0,1.0,2.0,1.0,1.0,3.0,4.0,4.0,3.0
219,5.2.2021 11:54:58,woman,31,CS,3.0,4.0,5.0,4.0,3.0,5.0,5.0,3.0,5.0,3.0,3.0,2.0,4.0,3.0,3.0,1.0,5.0,4.0,3.0,5.0,5.0,4.0,4.0,4.0,4.0,,5.0,4.0,4.0,5.0,5.0,2.0,5.0,5.0,4.0,4.0,5.0,4.0,5.0,5.0,3.0,4.0,3.0,4.0,4.0,2.0,4.0,4.0,3.0,4.0,5.0,5.0,5.0,3.0,3.0,4.0,1.0,4.0,4.0,4.0,5.0,5.0,5.0,3.0,3.0,5.0,5.0,5.0,5.0,2.0,,3.0,5.0
220,5.2.2021 12:36:46,woman,58,CS,5.0,5.0,5.0,5.0,5.0,5.0,5.0,5.0,5.0,5.0,5.0,5.0,5.0,5.0,5.0,5.0,5.0,5.0,5.0,5.0,5.0,5.0,5.0,5.0,5.0,5.0,5.0,5.0,5.0,5.0,5.0,5.0,5.0,5.0,5.0,5.0,5.0,5.0,5.0,5.0,5.0,5.0,5.0,5.0,5.0,5.0,5.0,5.0,5.0,5.0,5.0,5.0,5.0,5.0,5.0,5.0,5.0,5.0,5.0,5.0,5.0,5.0,5.0,5.0,5.0,5.0,5.0,5.0,5.0,5.0,5.0,5.0,5.0
221,5.2.2021 14:16:09,woman,25,SK,5.0,5.0,5.0,5.0,5.0,5.0,5.0,5.0,,5.0,5.0,3.0,5.0,5.0,,1.0,5.0,5.0,5.0,,4.0,4.0,5.0,5.0,5.0,5.0,4.0,4.0,5.0,5.0,5.0,,5.0,5.0,5.0,4.0,5.0,4.0,5.0,5.0,4.0,4.0,2.0,5.0,,2.0,4.0,5.0,3.0,4.0,5.0,4.0,4.0,5.0,3.0,4.0,1.0,4.0,4.0,5.0,,5.0,5.0,,,5.0,5.0,5.0,5.0,1.0,1.0,,5.0
222,5.2.2021 19:36:49,woman,20,CS,5.0,5.0,5.0,5.0,5.0,5.0,5.0,5.0,5.0,5.0,5.0,5.0,5.0,5.0,1.0,1.0,5.0,5.0,5.0,5.0,5.0,5.0,5.0,5.0,5.0,5.0,5.0,5.0,5.0,5.0,5.0,5.0,5.0,5.0,5.0,5.0,5.0,5.0,5.0,5.0,5.0,5.0,3.0,5.0,1.0,5.0,5.0,5.0,5.0,5.0,5.0,5.0,5.0,5.0,5.0,5.0,5.0,5.0,5.0,5.0,5.0,5.0,5.0,5.0,5.0,5.0,5.0,5.0,5.0,1.0,1.0,1.0,5.0
223,8.2.2021 9:06:07,man,26,CS,4.0,4.0,4.0,5.0,3.0,3.0,2.0,1.0,,3.0,5.0,3.0,4.0,,,,4.0,3.0,2.0,,,1.0,1.0,1.0,1.0,3.0,1.0,1.0,1.0,5.0,1.0,,1.0,1.0,3.0,3.0,1.0,1.0,1.0,1.0,,1.0,,3.0,,1.0,1.0,1.0,,1.0,1.0,1.0,1.0,1.0,1.0,1.0,,1.0,1.0,1.0,5.0,5.0,5.0,,,5.0,4.0,5.0,5.0,4.0,,1.0,5.0
224,8.2.2021 9:23:21,man,30,CS,3.0,5.0,5.0,4.0,3.0,5.0,5.0,2.0,5.0,3.0,4.0,2.0,4.0,,,1.0,5.0,4.0,5.0,5.0,,4.0,5.0,5.0,5.0,5.0,4.0,5.0,5.0,3.0,5.0,,4.0,5.0,5.0,5.0,5.0,5.0,5.0,5.0,4.0,4.0,,4.0,,4.0,4.0,5.0,,5.0,5.0,5.0,5.0,4.0,4.0,3.0,,4.0,5.0,5.0,5.0,5.0,5.0,,,5.0,4.0,5.0,5.0,3.0,,4.0,5.0
225,8.2.2021 9:48:23,woman,54,CS,5.0,5.0,5.0,4.0,3.0,5.0,3.0,1.0,5.0,3.0,2.0,1.0,3.0,1.0,2.0,1.0,5.0,4.0,3.0,5.0,2.0,2.0,2.0,2.0,3.0,5.0,3.0,5.0,2.0,2.0,3.0,3.0,3.0,3.0,4.0,3.0,3.0,3.0,4.0,3.0,2.0,1.0,3.0,3.0,3.0,2.0,2.0,2.0,3.0,3.0,5.0,2.0,2.0,2.0,4.0,2.0,5.0,4.0,3.0,5.0,5.0,5.0,5.0,3.0,2.0,5.0,5.0,5.0,4.0,3.0,1.0,5.0,5.0
226,8.2.2021 11:38:00,man,27,SK,2.0,5.0,5.0,,3.0,4.0,4.0,3.0,,2.0,4.0,2.0,3.0,,,,5.0,4.0,4.0,,4.0,5.0,5.0,5.0,5.0,4.0,5.0,5.0,5.0,1.0,5.0,3.0,5.0,5.0,5.0,3.0,4.0,5.0,5.0,5.0,4.0,4.0,,4.0,5.0,1.0,3.0,5.0,,,5.0,4.0,4.0,5.0,,,2.0,3.0,5.0,5.0,5.0,5.0,5.0,,4.0,4.0,,4.0,4.0,1.0,,,4.0
227,8.2.2021 15:41:58,woman,38,CS,5.0,5.0,5.0,5.0,5.0,5.0,5.0,4.0,5.0,5.0,5.0,3.0,5.0,5.0,5.0,5.0,5.0,5.0,5.0,5.0,,5.0,5.0,5.0,5.0,5.0,5.0,5.0,5.0,1.0,5.0,,5.0,5.0,5.0,5.0,5.0,5.0,5.0,5.0,5.0,5.0,,5.0,,3.0,5.0,5.0,5.0,5.0,5.0,5.0,5.0,5.0,5.0,5.0,,5.0,5.0,5.0,5.0,5.0,5.0,5.0,,5.0,5.0,5.0,5.0,1.0,,3.0,5.0
228,3.2.2021 16:19:33,man,30,CS,3.0,5.0,5.0,4.0,3.0,5.0,4.0,2.0,5.0,2.0,5.0,1.0,4.0,,,1.0,5.0,3.0,3.0,,,4.0,3.0,4.0,5.0,5.0,2.0,4.0,4.0,1.0,2.0,,3.0,5.0,5.0,2.0,3.0,4.0,4.0,4.0,2.0,2.0,,3.0,,1.0,2.0,5.0,,3.0,5.0,2.0,4.0,1.0,1.0,2.0,1.0,2.0,3.0,4.0,5.0,5.0,5.0,5.0,,5.0,5.0,5.0,3.0,1.0,,3.0,5.0
229,3.2.2021 16:37:47,man,29,CS,3.0,5.0,5.0,5.0,4.0,5.0,5.0,1.0,5.0,2.0,5.0,2.0,4.0,2.0,4.0,1.0,5.0,4.0,3.0,4.0,3.0,5.0,5.0,4.0,5.0,5.0,4.0,5.0,5.0,3.0,5.0,4.0,5.0,5.0,5.0,3.0,5.0,5.0,5.0,5.0,4.0,2.0,4.0,3.0,4.0,2.0,4.0,5.0,1.0,5.0,5.0,5.0,5.0,3.0,3.0,5.0,2.0,3.0,4.0,5.0,5.0,5.0,5.0,4.0,,5.0,5.0,5.0,5.0,4.0,1.0,3.0,4.0
230,3.2.2021 17:11:56,man,28,CS,5.0,5.0,4.0,5.0,3.0,5.0,5.0,2.0,4.0,5.0,5.0,3.0,5.0,2.0,2.0,1.0,5.0,3.0,5.0,4.0,,2.0,4.0,4.0,4.0,5.0,1.0,5.0,2.0,5.0,5.0,,4.0,5.0,5.0,1.0,2.0,5.0,5.0,2.0,3.0,2.0,4.0,2.0,4.0,2.0,2.0,3.0,,5.0,5.0,1.0,4.0,4.0,4.0,1.0,1.0,1.0,5.0,3.0,5.0,5.0,5.0,2.0,3.0,4.0,2.0,5.0,5.0,2.0,,4.0,4.0
231,4.2.2021 11:00:29,woman,42,CS,4.0,5.0,5.0,5.0,4.0,5.0,5.0,5.0,5.0,4.0,5.0,3.0,4.0,4.0,,,5.0,5.0,5.0,,,5.0,5.0,5.0,5.0,5.0,5.0,5.0,5.0,3.0,5.0,5.0,5.0,5.0,5.0,5.0,5.0,5.0,5.0,5.0,5.0,4.0,1.0,5.0,5.0,3.0,5.0,5.0,1.0,5.0,5.0,5.0,5.0,3.0,3.0,5.0,4.0,5.0,5.0,5.0,5.0,5.0,5.0,,5.0,5.0,5.0,5.0,5.0,3.0,,5.0,5.0
232,4.2.2021 11:02:06,woman,35,CS,4.0,5.0,5.0,5.0,3.0,5.0,4.0,2.0,5.0,2.0,5.0,3.0,4.0,2.0,3.0,,5.0,4.0,4.0,5.0,4.0,5.0,5.0,5.0,5.0,5.0,4.0,5.0,5.0,1.0,4.0,3.0,4.0,5.0,5.0,4.0,5.0,5.0,5.0,5.0,5.0,4.0,5.0,5.0,4.0,3.0,5.0,5.0,1.0,5.0,5.0,5.0,5.0,2.0,2.0,5.0,3.0,4.0,4.0,5.0,5.0,5.0,3.0,5.0,4.0,5.0,5.0,5.0,4.0,1.0,,2.0,5.0
233,4.2.2021 11:11:39,man,35,CS,2.0,5.0,5.0,3.0,4.0,5.0,5.0,,5.0,4.0,4.0,1.0,3.0,,,,5.0,4.0,3.0,5.0,,5.0,5.0,5.0,5.0,5.0,4.0,5.0,5.0,3.0,5.0,,5.0,5.0,5.0,4.0,4.0,5.0,5.0,5.0,4.0,3.0,,3.0,,2.0,3.0,5.0,,5.0,5.0,4.0,5.0,3.0,2.0,4.0,,3.0,3.0,5.0,5.0,5.0,5.0,,5.0,5.0,4.0,5.0,3.0,1.0,,2.0,5.0
234,4.2.2021 11:25:33,man,37,CS,4.0,5.0,5.0,4.0,4.0,5.0,4.0,2.0,5.0,2.0,4.0,2.0,5.0,,,,5.0,5.0,4.0,5.0,,5.0,5.0,5.0,5.0,5.0,5.0,5.0,5.0,1.0,5.0,,5.0,5.0,5.0,5.0,5.0,5.0,5.0,5.0,5.0,4.0,,,,2.0,5.0,5.0,,5.0,5.0,5.0,5.0,4.0,4.0,5.0,3.0,5.0,3.0,5.0,5.0,5.0,5.0,,,5.0,5.0,5.0,4.0,3.0,,4.0,5.0
235,4.2.2021 12:17:55,man,39,CS,4.0,5.0,5.0,4.0,4.0,5.0,5.0,1.0,5.0,4.0,5.0,2.0,3.0,2.0,,,5.0,4.0,5.0,,,5.0,5.0,5.0,5.0,5.0,5.0,5.0,5.0,3.0,5.0,3.0,5.0,5.0,5.0,5.0,5.0,5.0,5.0,5.0,5.0,5.0,,4.0,,2.0,5.0,5.0,,5.0,5.0,5.0,5.0,2.0,2.0,5.0,4.0,5.0,3.0,5.0,5.0,5.0,5.0,,5.0,5.0,5.0,5.0,5.0,2.0,,1.0,5.0
236,4.2.2021 13:34:45,man,38,CS,2.0,4.0,5.0,3.0,1.0,4.0,2.0,1.0,3.0,1.0,4.0,1.0,2.0,,,,5.0,2.0,2.0,,2.0,4.0,4.0,4.0,3.0,4.0,3.0,4.0,4.0,1.0,4.0,1.0,4.0,4.0,3.0,3.0,4.0,4.0,4.0,4.0,3.0,2.0,,3.0,3.0,1.0,4.0,4.0,,4.0,5.0,4.0,4.0,3.0,2.0,3.0,1.0,3.0,1.0,5.0,5.0,5.0,4.0,,,5.0,5.0,5.0,2.0,1.0,,3.0,5.0
237,4.2.2021 17:08:03,man,26,CS,4.0,5.0,5.0,4.0,4.0,5.0,5.0,1.0,5.0,4.0,5.0,1.0,4.0,,,1.0,5.0,5.0,3.0,,,4.0,5.0,5.0,5.0,5.0,4.0,5.0,5.0,1.0,5.0,,5.0,5.0,5.0,4.0,5.0,5.0,5.0,4.0,,4.0,,3.0,,,5.0,5.0,,4.0,5.0,4.0,5.0,1.0,1.0,5.0,1.0,4.0,4.0,5.0,4.0,5.0,,,,4.0,,5.0,,3.0,,5.0,5.0
238,4.2.2021 17:58:54,man,34,CS,3.0,5.0,5.0,4.0,2.0,5.0,4.0,1.0,4.0,1.0,4.0,1.0,3.0,,,,5.0,4.0,4.0,5.0,,3.0,4.0,3.0,3.0,4.0,3.0,4.0,4.0,1.0,3.0,,3.0,3.0,4.0,3.0,4.0,4.0,4.0,3.0,3.0,2.0,2.0,2.0,3.0,2.0,2.0,4.0,,4.0,4.0,2.0,3.0,2.0,2.0,3.0,,2.0,2.0,4.0,4.0,5.0,5.0,,,5.0,4.0,5.0,4.0,1.0,,1.0,5.0
239,5.2.2021 10:22:41,man,50,CS,5.0,4.0,5.0,5.0,3.0,4.0,4.0,1.0,4.0,2.0,3.0,2.0,3.0,2.0,1.0,,5.0,5.0,3.0,3.0,2.0,5.0,5.0,5.0,5.0,5.0,4.0,5.0,4.0,3.0,5.0,1.0,5.0,5.0,5.0,3.0,4.0,5.0,5.0,5.0,3.0,3.0,1.0,2.0,4.0,1.0,4.0,4.0,1.0,5.0,5.0,3.0,5.0,2.0,2.0,4.0,1.0,3.0,4.0,5.0,5.0,5.0,5.0,4.0,3.0,5.0,5.0,5.0,3.0,2.0,2.0,1.0,5.0
240,15.2.2021 8:30:33,man,62,CS,4.0,5.0,5.0,4.0,3.0,5.0,5.0,2.0,5.0,3.0,4.0,1.0,4.0,3.0,,,5.0,4.0,5.0,4.0,,4.0,5.0,3.0,3.0,,3.0,4.0,4.0,1.0,4.0,,4.0,4.0,5.0,3.0,4.0,4.0,4.0,4.0,3.0,3.0,,1.0,,1.0,3.0,4.0,,4.0,4.0,3.0,4.0,2.0,1.0,3.0,,3.0,4.0,4.0,4.0,5.0,4.0,3.0,,5.0,4.0,5.0,4.0,1.0,,2.0,3.0
241,5.2.2021 9:53:40,man,81,CS,5.0,4.0,5.0,5.0,2.0,3.0,3.0,,4.0,2.0,3.0,4.0,3.0,1.0,,1.0,5.0,3.0,2.0,2.0,,3.0,4.0,3.0,2.0,5.0,4.0,2.0,5.0,3.0,3.0,,4.0,4.0,2.0,3.0,5.0,3.0,3.0,3.0,2.0,3.0,,1.0,1.0,2.0,3.0,3.0,,3.0,5.0,2.0,3.0,2.0,1.0,4.0,,3.0,3.0,5.0,5.0,5.0,5.0,3.0,,4.0,4.0,5.0,3.0,2.0,,2.0,3.0
