,timestamp,sex,age,first language,Ptáci [Kur domácí (slepice)],Ptáci [Vrána],Ptáci [Holubice],Ptáci [Kachna],Ptáci [Plameňák],Ptáci [Racek],Ptáci [Jestřáb],Ptáci [Kiwi],Ptáci [Skřivan],Ptáci [Pštros],Ptáci [Andulka],Ptáci [Tučňák],Ptáci [Bažant],Ptáci [Nandu],Ptáci [Zoboun],Ptáci [Chaluha],Ptáci [Vrabec],Ptáci [Labuť],Ptáci [Sup],Ptáci [Střízlík],Savci [Hrabáč],Savci [Antilopa],Savci [Medvěd],Savci [Kanec],Savci [Buvol],Savci [Tur domácí (kráva)],Savci [Morče],Savci [Gepard],Savci [Jelen],Savci [Delfín],Savci [Slon],Savci [Kaloň],Savci [Žirafa],Savci [Koza],Savci [Gorila],Savci [Křeček],Savci [Zajíc],Savci [Leopard],Savci [Lev],Savci [Rys],Savci [Norek],Savci [Krtek],Savci [Mangusta],Savci [Vačice],Savci [Přímorožec],Savci [Ptakopysk],Savci [Tchoř],Savci [Poník],Savci [Sviňucha],Savci [Puma],Savci [Kočka],Savci [Mýval],Savci [Sob],Savci [Tuleň],Savci [Lachtan],Savci [Veverka],Savci [Upír],Savci [Hraboš],Savci [Klokan],Savci [Vlk],Ryby [Okoun],Ryby [Kapr],Ryby [Sumec],Ryby [Tloušť],Ryby [Ostroun],Ryby [Treska],Ryby [Sleď],Ryby [Štika],Ryby [Piraňa],Ryby [Mořský koník],Ryby [Jazyk],Ryby [Rejnok],Ryby [Tuňák]
0,4.2.2021 10:58:59,man,20,CS,4,5,4,3,2,2,4,3,5,4,5,3,3,,1,3,5,3,3,,,5,4,5,,4,2,4,5,3,4,3,5,5,4,4,2,1,5,4,2,3,,3,,5,3,3,2,3,3,3,3,4,2,2,3,3,2,4,5,5,4,4,2,5,3,4,4,3,,3,4
1,4.2.2021 10:59:20,man,19,CS,3,4,5,5,4,5,2,3,2,3,5,5,5,2,3,1,4,5,5,1,1,4,5,3,2,4,2,3,3,5,4,2,4,3,4,2,3,3,4,3,3,2,1,2,1,1,3,2,2,2,5,3,3,3,2,2,1,2,5,5,3,5,3,1,2,3,3,4,5,1,1,2,3
2,4.2.2021 10:59:21,man,22,CS,3,5,5,4,2,5,5,4,5,3,5,2,3,,,,5,4,5,,,3,5,3,3,5,5,5,3,1,3,,3,5,5,5,4,5,5,4,5,4,,5,,2,5,2,,5,5,5,3,2,2,5,,5,5,5,,5,4,,,5,5,5,3,2,,3,3
3,4.2.2021 10:59:27,woman,25,CS,2,5,4,2,1,2,4,2,5,2,3,2,3,1,1,1,5,2,2,2,1,2,5,3,2,5,4,2,3,5,2,1,4,4,4,3,4,2,4,2,2,3,1,2,1,1,1,2,1,1,5,2,2,2,2,2,1,3,4,4,5,5,3,,,4,2,5,2,1,,1,3
4,4.2.2021 11:00:03,man,19,SK,5,5,5,5,4,4,5,3,5,3,5,3,4,3,4,5,5,5,5,5,4,5,5,5,5,5,4,5,5,3,5,1,5,5,5,4,4,5,5,5,4,4,3,5,5,1,5,5,2,5,5,5,5,3,3,4,1,4,3,5,5,5,5,5,5,5,5,5,5,2,2,5,5
5,4.2.2021 11:01:43,man,24,CS,4,5,5,3,3,4,5,2,4,3,5,2,4,3,,,5,3,5,,,5,5,5,5,5,5,5,5,2,5,3,5,5,5,5,5,5,5,5,4,4,1,4,5,1,4,5,2,5,5,4,5,3,3,5,3,5,1,5,5,5,5,,,5,5,5,5,2,,2,5
6,4.2.2021 11:01:53,man,19,CS,3,3,3,2,2,3,2,1,2,2,2,3,2,1,1,1,5,2,2,1,1,,3,3,1,3,2,2,3,4,1,1,2,3,4,2,2,2,2,2,1,3,1,2,1,3,2,1,1,2,3,2,1,4,4,4,3,2,2,2,2,5,3,1,2,2,2,4,3,1,1,3,3
7,4.2.2021 11:02:28,woman,21,CS,4,4,2,3,2,4,4,1,5,2,3,1,3,2,,2,5,4,2,,2,4,4,4,3,5,3,3,3,2,5,,5,4,4,4,4,3,5,4,2,2,,3,,1,2,4,,3,5,3,4,3,2,4,1,2,4,5,4,5,5,,,5,2,5,3,1,2,2,4
8,4.2.2021 11:02:51,woman,18,CS,5,4,5,5,3,4,2,3,5,4,3,2,5,2,,,4,4,4,3,,3,3,3,2,4,3,2,2,3,1,,2,5,2,4,5,2,1,2,3,4,,4,,2,3,1,,2,5,4,2,3,2,5,1,3,2,1,,5,2,,,3,3,4,1,1,,2,4
9,4.2.2021 11:02:58,man,21,CS,2,5,4,4,3,4,4,1,5,1,3,2,1,2,,,5,4,4,,3,4,5,4,4,5,2,4,5,1,5,1,4,5,5,3,4,4,4,4,3,2,1,1,,1,4,4,2,4,5,3,4,4,2,2,1,3,3,4,5,5,5,4,,5,3,4,4,1,,2,5
10,4.2.2021 11:03:24,man,23,CS,3,5,5,4,3,5,4,3,4,3,5,2,3,,,,5,4,4,,,3,5,5,5,5,2,4,4,4,5,,5,5,5,2,5,4,5,4,3,2,2,3,2,1,3,4,2,4,5,3,4,4,4,3,1,2,4,5,4,5,5,3,3,4,4,5,4,2,,3,4
11,4.2.2021 11:05:23,man,21,CS,4,5,5,5,4,,5,4,4,,5,,3,4,,1,5,4,4,3,3,4,5,4,4,5,4,5,4,5,5,2,4,4,5,4,4,4,5,4,3,4,2,4,4,3,3,4,3,4,3,4,4,3,3,2,2,4,4,5,5,5,4,3,4,5,4,5,4,2,1,4,5
12,4.2.2021 11:06:30,man,20,CS,5,5,5,5,5,5,5,5,5,5,5,5,5,5,,,5,5,5,,,5,5,5,5,5,5,5,5,5,5,5,5,5,5,5,5,5,5,5,5,5,,1,5,1,5,5,5,5,5,5,5,5,5,5,5,5,1,5,5,5,5,5,,5,5,5,5,4,,1,5
13,4.2.2021 11:08:23,man,20,CS,4,4,5,5,3,4,4,3,4,3,4,2,3,2,2,1,4,3,2,3,3,4,5,3,3,5,5,4,4,2,4,2,4,4,3,4,4,4,4,4,3,4,2,3,3,3,3,4,3,3,5,4,4,4,2,5,2,4,4,3,4,5,4,,,3,3,4,5,3,,4,5
14,4.2.2021 11:11:13,man,20,CS,4,5,5,4,4,5,5,2,5,3,5,3,4,,,,5,4,5,5,5,5,5,5,5,5,5,5,5,3,5,,5,5,5,5,5,5,5,5,5,5,5,5,5,4,5,5,3,5,5,5,5,5,5,5,5,5,5,5,5,5,5,,,5,5,5,5,4,,4,5
15,4.2.2021 11:11:17,man,21,CS,2,5,5,2,3,5,5,2,4,2,5,1,2,,,,5,3,4,,2,5,5,5,4,5,3,4,4,1,3,,2,5,5,3,5,4,4,3,,2,,3,,1,4,4,,4,5,3,3,2,2,4,1,2,5,5,5,5,4,,,5,,5,4,1,1,3,4
16,4.2.2021 11:14:38,man,27,CS,4,5,5,5,1,4,4,1,4,1,5,1,4,1,2,1,5,4,1,4,3,1,3,4,1,1,5,1,4,1,1,3,1,4,1,5,4,1,1,1,4,3,2,3,3,1,1,3,3,1,4,1,2,1,2,4,3,5,1,3,5,5,5,1,5,1,3,4,1,1,1,1,2
17,4.2.2021 11:17:26,man,19,CS,5,5,5,5,5,5,5,4,5,3,5,3,4,3,,3,5,5,5,3,,3,5,4,4,5,5,4,4,4,5,2,4,5,5,5,5,5,5,5,3,3,3,2,3,1,3,4,,4,5,5,4,3,3,3,1,4,2,5,5,5,5,,,5,4,5,5,2,,3,5
18,4.2.2021 11:21:21,woman,19,CS,2,5,5,2,3,5,3,4,5,3,5,2,3,,,1,5,3,4,2,4,2,5,5,3,5,4,4,5,3,3,3,4,3,5,4,5,4,4,2,1,2,3,3,,3,4,3,5,3,5,5,4,3,4,3,2,4,4,4,4,5,5,3,3,2,3,5,5,2,1,4,4
19,4.2.2021 11:22:01,woman,23,SK,4,5,5,5,5,,5,,,3,5,3,3,,,1,5,5,5,,,2,3,,,4,5,2,4,1,2,,1,5,5,2,2,3,2,2,,2,,,,1,1,1,,2,5,,1,4,1,1,3,2,1,4,4,5,5,,2,5,5,5,4,1,,,5
20,4.2.2021 11:23:47,woman,21,CS,3,5,4,3,3,4,5,2,5,3,4,4,4,3,,,5,3,5,,3,4,5,4,4,4,3,5,5,3,3,2,4,4,5,4,5,4,5,5,4,3,,3,,3,4,5,,5,5,2,4,3,3,4,1,3,3,5,5,5,5,,,5,5,5,5,3,,3,5
21,4.2.2021 11:26:14,man,24,CS,5,5,4,5,2,2,2,1,2,2,3,2,4,,,,5,4,2,1,1,3,5,4,3,5,5,2,5,4,4,,4,5,4,5,5,3,5,4,2,5,1,2,,2,3,4,1,3,5,5,3,3,3,4,,2,5,5,5,5,5,,,4,3,5,4,3,,2,3
22,4.2.2021 11:30:00,man,23,CS,3,4,4,4,2,4,3,1,1,2,2,2,3,1,1,1,2,3,3,1,3,2,2,2,2,3,2,2,2,3,2,1,2,2,2,2,3,2,2,2,2,2,1,2,2,1,1,2,1,2,3,2,2,2,2,3,5,2,2,2,2,4,3,1,1,3,2,3,2,1,1,1,4
23,4.2.2021 11:30:23,man,23,CS,5,5,5,5,4,5,5,5,5,5,5,5,5,3,4,1,5,5,5,3,5,5,5,5,5,5,5,5,5,5,5,5,5,5,5,5,5,5,5,5,5,5,1,5,5,5,5,5,5,5,5,5,5,5,5,5,5,5,5,5,5,5,5,,4,5,5,5,5,3,3,5,5
24,4.2.2021 11:33:32,man,19,CS,5,5,5,5,3,5,5,2,3,2,5,3,3,,2,3,5,4,4,2,3,5,5,5,4,5,4,4,5,5,5,2,5,5,5,3,5,4,5,4,4,2,4,4,4,4,4,5,3,4,5,3,5,4,3,4,,3,5,1,5,5,5,3,4,5,4,5,5,1,,4,5
25,4.2.2021 11:37:03,woman,25,CS,4,4,4,4,3,4,3,2,4,2,3,2,3,1,1,2,5,3,3,,,3,5,3,4,5,3,3,4,3,5,,4,5,5,4,4,3,5,3,2,5,3,2,,1,2,5,2,3,5,4,4,3,3,5,,5,3,4,4,5,4,,,3,4,4,2,2,,3,4
26,4.2.2021 11:42:40,man,25,CS,3,3,3,3,2,4,3,1,3,1,3,2,3,1,2,1,3,3,2,1,3,2,3,3,3,3,3,2,3,3,1,1,1,3,2,3,3,1,2,3,2,2,1,1,,1,2,3,1,1,3,3,3,1,3,3,1,3,1,3,5,5,5,1,2,5,5,5,4,1,,3,5
27,4.2.2021 11:43:07,woman,21,SK,5,5,5,5,5,5,5,3,2,5,5,5,5,1,1,1,5,5,5,3,3,4,5,5,5,5,5,5,5,2,5,1,5,5,5,5,5,5,5,5,,2,1,3,,2,5,5,2,5,5,5,5,4,2,4,5,5,3,5,2,5,5,,3,5,5,5,5,4,,5,5
28,4.2.2021 11:45:20,man,21,SK,4,4,3,4,1,1,2,1,,1,4,1,2,,,,4,3,1,,,1,4,1,1,3,2,1,4,1,1,,1,4,1,2,4,1,1,2,,4,1,1,,1,1,1,4,1,4,3,1,1,1,4,1,1,1,4,,4,2,,,1,1,4,1,1,,,1
29,4.2.2021 11:57:41,man,21,CS,5,5,5,4,3,4,4,2,5,2,5,3,3,2,2,3,5,3,3,2,4,4,5,5,4,5,4,5,5,3,5,2,4,5,5,4,5,4,5,4,4,3,3,3,3,1,4,5,2,3,5,4,4,3,3,5,2,4,3,5,4,5,5,3,3,4,4,5,2,1,2,3,5
30,4.2.2021 12:19:19,man,20,CS,4,5,5,4,5,5,5,4,5,4,5,2,4,3,,1,5,4,5,5,3,4,3,4,4,5,3,3,3,4,4,3,4,5,5,3,3,4,3,3,3,3,,3,4,4,3,4,3,4,4,3,4,3,4,3,4,3,4,3,5,5,5,,3,5,5,5,4,1,,4,5
31,4.2.2021 12:30:33,woman,20,CS,4,5,5,5,3,5,5,3,5,3,4,3,4,,,,5,5,3,3,,4,5,4,4,5,5,5,5,2,4,,5,4,4,5,4,4,4,4,3,2,,2,,1,4,5,,4,5,4,4,2,2,2,,2,3,5,5,5,5,,,5,5,5,4,1,,2,5
32,4.2.2021 12:37:37,man,26,CS,5,5,5,5,2,3,5,2,3,3,5,5,5,,,1,5,5,2,,,,3,,,,,,1,5,,,,1,,3,1,1,1,1,,1,,,,1,,,,1,1,,1,,3,5,5,,5,,5,5,5,,,2,,5,5,3,,5,5
33,4.2.2021 12:42:18,man,21,SK,5,5,5,5,5,5,5,2,,4,5,2,4,2,,,5,5,5,,,5,5,4,5,5,4,3,5,4,5,,5,5,4,3,5,3,4,3,2,2,,3,,1,3,2,,3,5,2,2,2,2,4,1,3,3,5,,5,5,,4,5,5,5,5,3,,,5
34,4.2.2021 12:44:10,man,23,CS,5,5,5,5,2,4,3,1,5,3,4,2,3,,,,5,3,3,,,3,4,4,2,4,3,3,4,2,3,1,4,4,4,4,4,3,4,3,3,3,,2,,2,2,4,,3,5,3,4,3,2,4,1,4,,4,4,5,4,,,4,3,4,3,1,,1,5
35,4.2.2021 13:35:00,man,30,CS,2,5,5,2,4,4,4,4,5,1,5,1,3,,,,5,5,5,4,5,5,5,5,5,5,5,5,5,5,5,4,5,5,5,5,5,5,5,5,5,2,,5,,1,4,5,3,5,5,5,5,2,1,5,2,5,5,5,5,5,5,5,5,5,5,5,5,1,,3,1
36,4.2.2021 13:40:49,woman,24,CS,2,4,5,3,2,4,3,2,5,2,5,2,2,1,3,1,5,2,1,5,2,2,5,3,4,5,3,2,3,5,3,,1,5,4,2,4,3,4,3,2,2,,5,,2,2,3,,3,4,2,3,2,2,2,4,2,3,3,3,5,3,,,4,4,5,4,2,,3,5
37,4.2.2021 13:44:47,woman,20,CS,3,5,5,3,2,5,5,1,4,1,4,1,3,1,,4,4,3,4,,3,5,5,5,5,5,5,5,5,1,4,1,2,5,4,5,5,5,5,5,5,2,,2,,1,3,5,1,5,5,5,5,1,1,5,1,5,2,5,5,5,3,,,4,4,4,3,1,,1,5
38,4.2.2021 13:50:35,man,38,CS,5,5,5,,3,5,5,4,5,3,5,2,4,,,,5,5,5,3,,5,5,5,5,5,5,5,5,4,5,,5,5,5,4,5,5,5,3,1,4,2,3,,1,3,5,2,5,5,5,5,3,1,5,,4,5,5,5,5,5,1,1,5,5,5,5,1,1,5,3
39,4.2.2021 14:25:23,man,20,CS,5,5,4,5,2,4,1,1,1,3,3,4,3,,,,5,4,4,1,,3,5,3,2,5,3,3,4,4,4,,4,5,2,4,4,2,4,3,,4,,1,,2,1,3,,4,5,3,3,2,2,4,,1,3,4,1,5,4,1,1,4,2,5,5,2,1,3,4
40,4.2.2021 14:41:29,man,19,CS,5,3,3,5,2,4,3,3,4,2,5,4,5,,,,5,3,2,,4,4,4,4,3,5,4,3,3,3,4,2,5,4,4,5,4,4,4,3,2,4,3,4,1,1,3,2,2,2,5,3,3,4,3,4,1,4,4,3,3,5,5,1,2,3,4,4,3,2,1,3,4
41,4.2.2021 14:44:47,man,20,CS,4,5,5,4,3,5,5,3,5,3,5,2,4,3,3,1,5,4,4,4,3,3,5,5,4,5,3,5,5,5,5,2,5,3,5,3,5,5,5,4,1,2,1,1,1,1,3,3,1,5,5,3,3,3,3,3,1,3,3,5,5,5,5,1,1,5,5,5,5,2,1,5,5
42,4.2.2021 14:53:49,man,39,CS,4,5,5,5,4,5,4,4,5,4,5,4,4,3,,,5,4,5,5,,5,5,5,5,5,5,5,5,3,3,5,5,5,5,5,5,5,5,5,5,4,,4,,2,5,5,,5,5,4,5,2,1,5,2,5,5,5,5,5,4,,,4,5,5,4,2,,3,5
43,4.2.2021 14:54:05,man,21,CS,4,4,4,4,3,5,4,3,5,2,4,2,3,2,,4,5,4,3,,,4,3,4,4,5,4,4,4,3,3,3,3,4,3,4,3,3,4,4,,2,,1,3,1,3,4,2,3,4,4,3,3,2,3,,3,2,4,4,5,4,,,3,3,4,4,2,,2,3
44,4.2.2021 14:59:48,woman,19,CS,4,5,3,4,3,4,2,3,5,2,5,1,3,,,,5,3,5,,,3,4,1,1,5,5,2,3,1,5,1,4,5,4,5,5,2,5,2,4,3,,2,,2,3,4,,2,5,4,3,2,2,3,,3,4,5,4,5,4,,,4,3,5,5,1,,1,4
45,4.2.2021 15:16:12,woman,21,SK,5,5,5,5,4,5,4,3,5,4,5,3,4,,,,5,5,4,,3,4,5,5,4,5,5,5,4,1,4,1,4,5,5,5,5,5,5,5,3,5,3,4,4,1,4,5,,5,5,4,4,3,4,5,1,3,5,5,5,5,5,,5,5,5,5,5,1,,,5
46,4.2.2021 16:12:02,man,21,CS,5,4,5,5,3,4,3,2,3,3,4,4,5,,2,,5,4,3,,,3,5,4,2,5,3,3,5,5,5,,5,5,4,3,5,3,5,3,2,5,,3,,4,3,3,2,4,5,5,3,3,3,5,,,5,4,3,4,4,,,3,3,4,5,5,,5,3
47,4.2.2021 16:34:53,woman,36,CS,3,5,5,4,4,5,5,2,5,3,5,2,4,3,,,5,4,5,5,5,5,5,5,5,5,5,5,5,2,5,2,5,5,5,5,5,5,5,5,5,5,5,5,5,2,5,5,3,5,5,5,5,3,3,5,2,5,5,5,5,5,5,5,,5,5,5,5,2,2,2,4
48,4.2.2021 16:36:11,man,21,CS,3,5,5,4,4,5,4,2,4,2,5,3,3,,,,5,5,4,,,4,2,2,3,5,1,4,3,2,3,,3,3,5,1,2,4,3,2,,2,,1,,1,1,2,,4,4,2,3,1,1,2,,1,2,3,5,5,5,,,5,,5,5,1,,4,5
49,4.2.2021 17:08:01,man,21,CS,5,5,3,3,2,3,4,1,2,3,4,3,4,1,1,2,3,4,4,3,1,3,4,4,2,5,3,4,5,4,4,1,3,5,4,3,5,4,4,4,2,5,1,3,1,2,2,3,1,4,5,2,4,3,3,5,3,2,4,5,4,5,4,1,2,4,2,5,4,3,2,3,4
50,4.2.2021 17:13:00,man,22,CS,4,5,4,3,2,3,4,,3,3,4,2,3,,,,5,3,2,,5,5,5,5,5,5,5,5,5,5,5,,5,5,5,5,5,5,5,5,,2,,2,,3,5,3,,5,5,5,5,2,2,3,,5,5,5,4,5,5,3,,4,4,5,5,1,,3,5
51,4.2.2021 17:28:25,man,20,CS,3,5,5,3,2,3,4,2,3,2,4,2,2,2,,,5,4,3,,,2,3,3,2,5,4,3,4,4,4,,2,5,3,3,4,3,3,3,2,3,,2,,1,2,4,,3,5,2,3,2,2,2,1,3,4,4,2,5,4,,2,3,3,3,4,2,,3,5
52,4.2.2021 17:39:02,man,22,CS,2,3,4,3,2,4,2,,3,2,4,1,2,1,1,,5,3,2,1,,2,3,3,2,5,3,3,4,5,2,,4,4,4,3,3,3,4,2,2,3,1,2,,1,2,3,,2,5,2,2,3,2,3,1,3,5,4,3,5,4,,,4,3,5,3,4,,2,2
53,4.2.2021 18:18:35,man,22,CS,4,5,5,5,3,4,4,3,4,3,4,2,3,1,1,1,5,4,3,3,2,5,5,5,5,5,4,5,5,1,5,2,5,5,5,4,5,5,5,3,3,3,1,5,1,1,3,5,1,5,5,4,5,2,1,4,2,4,4,5,5,5,5,1,1,5,4,5,5,2,1,2,1
54,4.2.2021 18:20:39,woman,23,CS,4,4,5,4,3,4,3,1,3,3,3,1,3,1,,,5,4,4,2,,3,5,3,3,5,4,3,4,1,3,1,3,5,4,4,4,4,5,3,2,3,2,2,2,2,2,3,,3,5,3,4,2,2,4,1,4,2,5,4,5,4,,,4,1,4,2,1,,2,3
55,4.2.2021 19:47:53,man,21,CS,5,5,5,4,3,4,4,2,5,2,5,3,3,2,2,3,5,3,3,2,4,4,5,5,4,5,4,5,5,3,5,2,4,5,5,4,5,4,5,4,4,3,3,3,3,1,4,5,2,3,5,4,4,3,3,5,2,4,3,5,4,5,5,3,3,4,4,5,2,1,2,3,5
56,4.2.2021 20:12:45,woman,20,SK,5,5,5,5,5,5,5,5,3,5,5,5,5,3,5,1,5,5,5,5,5,5,5,5,5,5,5,5,5,5,5,5,5,5,5,5,5,5,5,5,5,5,3,5,5,5,5,5,5,5,5,5,5,5,5,5,1,5,5,5,2,5,5,3,2,5,5,5,5,5,2,3,5
57,4.2.2021 20:39:46,man,29,CS,3,5,5,4,5,5,5,3,5,3,5,3,5,,,,5,4,5,,,5,5,5,5,5,5,5,5,2,5,,5,5,5,5,5,5,5,5,,5,,,,2,5,5,,5,5,5,5,1,1,5,1,4,3,5,5,5,5,,,5,5,5,5,2,,1,5
58,4.2.2021 20:58:07,woman,19,CS,3,5,2,3,3,5,5,4,3,4,2,2,5,4,,,5,3,5,,2,5,4,5,5,5,4,5,5,4,4,2,3,5,4,4,4,4,5,5,4,2,2,4,4,4,3,5,3,4,5,2,4,4,4,2,1,3,4,4,5,5,5,3,5,5,5,5,4,3,1,3,5
59,4.2.2021 23:42:39,woman,20,CS,5,5,5,5,4,5,4,2,5,3,5,4,5,,3,4,5,5,4,5,4,5,5,5,5,5,3,5,5,4,2,1,5,5,4,3,5,4,4,5,4,4,3,3,,1,2,5,2,4,5,3,5,2,2,5,1,3,5,5,5,5,3,5,,5,5,5,5,1,4,3,5
60,4.2.2021 23:42:50,woman,20,CS,5,5,5,5,4,5,4,2,5,3,5,4,5,,3,4,5,5,4,5,4,5,5,5,5,5,3,5,5,4,2,1,5,5,4,3,5,4,4,5,4,4,3,3,,1,2,5,2,4,5,3,5,2,2,5,1,3,5,5,5,5,3,5,,5,5,5,5,1,4,3,5
61,5.2.2021 8:48:08,woman,20,CS,2,5,5,3,3,5,4,5,5,4,5,2,2,5,,,5,2,4,1,5,5,5,5,5,5,4,5,5,5,5,5,5,5,5,5,4,5,5,5,4,5,2,5,,1,4,5,,5,5,5,4,5,1,5,3,5,5,5,5,5,5,,,5,2,5,4,2,,4,5
62,5.2.2021 13:40:33,man,21,CS,3,1,1,1,3,1,2,2,1,4,2,4,4,3,2,5,1,1,3,2,,1,1,1,1,1,2,1,1,2,1,5,1,2,1,2,1,1,1,2,3,2,,2,3,4,2,2,,2,1,1,1,3,,1,5,2,2,1,1,1,1,3,3,2,3,1,2,4,5,2,1
63,5.2.2021 13:58:48,woman,23,CS,4,5,5,3,3,5,5,1,5,3,5,1,4,2,,,5,4,4,,,5,5,5,5,5,5,5,5,2,5,,5,5,5,4,5,5,5,5,4,3,,3,,1,4,5,2,5,5,5,5,3,1,5,2,4,5,5,5,5,3,,,5,3,5,5,1,1,1,5
64,5.2.2021 18:01:38,woman,22,CS,5,5,4,5,2,4,3,1,2,1,3,1,5,,,2,5,4,3,,,3,4,5,3,5,3,3,5,4,4,2,3,5,3,3,5,3,3,4,,5,1,,,1,1,3,2,3,5,2,2,1,2,5,,3,1,5,3,4,4,,,3,,4,2,2,,2,
65,5.2.2021 18:19:17,man,22,CS,3,5,5,3,3,4,4,2,5,2,5,2,3,,,,5,4,3,,,4,5,4,4,4,4,4,4,1,2,,3,4,5,4,4,4,5,4,,2,,5,,2,4,3,,4,5,4,4,1,1,4,2,4,5,5,5,5,4,,,,4,5,3,1,,2,4
66,5.2.2021 21:26:17,man,24,CS,4,5,3,2,1,4,2,2,5,2,3,3,3,2,1,1,5,4,4,1,2,2,5,3,2,5,3,3,4,2,3,1,2,5,4,3,3,2,3,2,3,1,1,2,1,1,2,3,2,2,5,1,2,1,2,3,1,2,2,4,4,5,4,1,2,5,2,5,3,1,1,1,5
67,6.2.2021 10:32:39,man,22,CS,5,5,5,5,3,4,3,3,3,4,4,1,4,,1,,5,5,4,,2,2,4,5,3,5,3,3,3,5,5,,5,4,5,4,4,3,5,2,3,2,3,3,,3,1,4,,3,5,2,3,2,3,3,2,3,5,5,2,5,5,1,,1,2,5,2,3,1,1,4
68,7.2.2021 9:54:53,woman,20,CS,5,5,4,5,5,5,3,4,5,5,4,5,5,4,3,3,5,5,3,3,2,4,5,5,3,5,5,5,5,5,5,3,5,5,5,5,5,5,5,5,2,5,3,5,3,5,5,4,4,5,5,4,5,5,5,5,2,5,5,5,5,5,5,2,3,5,4,5,3,4,3,4,5
69,7.2.2021 15:18:20,woman,20,CS,4,5,5,4,4,5,5,1,5,4,5,3,3,1,1,1,5,5,5,1,3,4,5,4,5,5,5,5,5,5,5,3,5,5,5,5,5,5,5,5,3,4,1,5,1,3,5,5,2,5,5,5,3,4,4,5,1,5,5,5,5,5,5,4,2,5,5,5,5,2,1,3,5
70,7.2.2021 15:32:25,woman,23,CS,4,5,5,5,3,5,5,1,4,2,4,1,3,2,,1,5,5,5,,,4,5,4,5,5,3,5,5,2,5,,5,5,4,4,5,5,5,5,3,2,,4,,1,4,5,,5,5,4,4,2,2,5,1,3,5,5,5,5,5,,,5,5,5,5,1,,4,5
71,7.2.2021 15:49:26,man,20,SK,5,5,5,5,5,5,5,5,2,5,5,5,5,3,2,3,5,5,5,2,5,5,5,5,5,5,5,5,5,5,5,3,5,5,5,5,5,5,5,5,5,5,4,5,3,5,5,5,5,5,5,5,5,5,5,5,3,5,5,5,5,5,5,3,5,5,5,5,5,5,5,5,5
72,7.2.2021 15:49:45,man,20,SK,5,5,5,5,5,5,4,2,3,5,5,5,5,1,2,2,5,5,5,1,1,5,5,5,5,5,5,5,5,5,5,2,5,5,5,5,5,5,5,5,1,5,2,5,1,5,5,4,5,3,5,5,5,5,4,5,3,5,5,5,2,5,5,2,3,5,5,4,5,5,1,5,5
73,7.2.2021 18:11:45,man,19,CS,5,5,5,5,5,5,5,3,4,5,5,4,5,2,,2,5,5,4,3,3,5,5,5,5,5,5,5,5,3,5,3,5,5,5,5,5,5,5,4,4,5,2,5,2,2,5,5,2,5,5,5,5,4,4,5,2,5,4,5,5,5,5,4,,5,5,5,5,4,,3,5
74,8.2.2021 10:48:42,man,20,CS,5,4,5,5,5,5,5,4,5,3,5,2,3,,,,5,5,3,,2,4,4,4,2,5,4,5,5,2,5,,5,5,5,3,4,4,4,4,,2,,4,,1,3,4,1,4,5,3,4,2,1,5,1,3,5,4,4,5,5,,,3,2,5,5,1,,3,4
75,8.2.2021 12:42:54,woman,20,CS,5,5,5,5,5,5,5,5,5,4,5,5,5,2,3,1,5,5,5,3,2,5,5,5,5,5,5,5,5,5,5,,5,5,5,5,5,5,5,5,5,5,5,5,,5,5,5,5,5,5,5,5,3,3,5,,5,5,5,5,5,5,,,5,5,5,5,5,,4,5
76,8.2.2021 13:19:50,man,20,CS,2,5,5,5,5,5,5,3,5,3,,2,5,2,,,5,5,5,,3,3,4,3,3,4,3,4,4,5,4,,5,5,5,3,2,4,5,4,4,2,3,3,3,5,,4,,4,4,3,4,3,4,2,2,3,2,5,5,5,5,,,5,3,5,5,5,,5,5
77,8.2.2021 13:36:51,man,20,CS,3,5,5,3,3,4,4,2,5,2,5,2,3,2,,,5,3,5,,,3,5,5,4,5,4,4,5,2,4,,3,5,5,5,4,4,4,4,,3,1,4,,1,4,4,,4,5,4,4,2,4,4,1,5,2,5,5,5,5,,4,5,5,5,4,1,,2,5
78,8.2.2021 16:56:43,man,20,CS,5,5,5,5,4,5,5,3,4,3,4,3,4,,,,5,4,4,,,3,5,4,2,5,5,4,4,3,4,,3,5,5,5,5,4,5,5,2,3,,,,1,3,5,,3,5,3,3,3,3,5,,3,4,5,5,5,4,4,3,5,5,5,2,1,,3,5
79,8.2.2021 21:50:59,woman,30,CS,3,5,4,4,2,5,3,1,4,2,3,1,3,1,,3,5,4,2,5,2,3,4,4,3,4,5,4,4,2,4,2,4,5,3,5,4,3,5,4,3,3,,1,3,1,4,3,1,4,5,3,3,1,2,5,1,5,2,5,5,5,4,4,,5,5,5,4,1,,1,4
80,8.2.2021 22:33:25,man,20,SK,1,5,4,5,5,4,5,2,,3,5,2,2,2,,,5,5,4,,1,5,5,,3,3,1,4,5,1,5,,5,5,4,2,4,4,5,5,3,1,,3,,1,2,2,4,3,4,2,4,1,2,2,5,1,5,5,,5,5,4,,5,5,5,5,3,,,5
81,18.2.2021 21:13:46,woman,21,CS,5,5,5,5,5,5,5,5,5,5,5,5,5,3,,,5,5,5,,3,5,5,5,5,5,5,5,5,5,5,5,5,5,5,5,5,5,5,5,2,5,3,5,2,5,5,5,2,5,5,5,5,5,5,5,5,5,5,5,5,5,5,,,5,5,5,5,5,,5,5
82,20.2.2021 11:28:06,man,48,SK,5,5,5,5,4,5,5,5,5,5,5,1,5,2,3,2,5,5,3,5,3,4,5,4,3,5,5,3,5,3,2,2,3,3,5,5,5,5,5,5,4,4,3,5,3,1,5,4,2,5,5,5,4,3,3,5,3,5,4,5,5,5,5,3,2,5,5,5,5,1,3,1,5
83,4.2.2021 13:53:48,woman,26,CS,3,5,5,5,5,5,5,2,5,3,5,2,4,3,,5,5,5,5,5,,5,5,5,5,5,5,5,5,5,5,5,4,5,5,5,5,5,5,5,5,5,,4,5,2,4,5,4,5,5,5,5,4,5,5,3,5,3,5,5,5,5,5,,5,5,5,4,1,2,1,5
84,4.2.2021 13:54:10,woman,23,CS,3,5,5,4,3,4,4,2,5,3,4,1,3,3,,3,5,3,3,5,2,4,5,4,4,4,4,4,4,1,2,1,2,5,3,4,5,4,4,4,5,3,2,2,3,1,5,4,,4,5,4,4,1,1,3,1,4,2,5,5,5,4,,,4,5,5,4,1,,2,3
85,4.2.2021 14:07:39,man,43,SK,4,4,4,4,4,4,4,,4,4,4,4,4,,,,4,4,4,,4,4,4,4,4,4,4,4,4,4,4,,4,4,4,4,4,4,4,4,4,4,,4,4,4,4,4,4,4,4,4,4,4,4,4,4,4,4,4,,5,,5,,4,3,,4,3,5,5,5
86,4.2.2021 14:15:12,woman,19,CS,5,5,5,5,4,4,5,3,5,3,5,3,4,,,,5,4,4,5,5,5,5,5,5,5,5,5,5,2,5,5,5,5,5,5,5,5,5,5,5,5,2,5,,3,5,5,,5,5,5,5,2,3,5,4,5,5,5,5,5,5,,4,5,5,5,4,3,,3,5
87,4.2.2021 14:35:31,woman,22,CS,2,2,3,1,4,2,1,3,3,3,2,2,2,1,,,3,2,3,,2,2,4,3,2,2,2,3,1,3,3,2,4,2,4,3,2,3,4,3,2,4,,3,,3,2,1,,2,3,2,2,1,2,4,,2,4,2,2,4,4,,,2,3,3,4,4,,4,1
88,4.2.2021 16:12:19,woman,25,CS,4,,5,4,4,4,5,3,5,4,4,2,4,,2,1,,5,4,3,2,5,5,5,5,5,4,5,5,3,5,2,5,5,5,4,5,5,5,4,3,2,,4,4,2,4,5,2,5,5,5,5,4,4,4,,3,4,5,5,5,5,,,5,5,5,4,1,,5,5
89,4.2.2021 16:25:03,man,28,CS,5,5,5,5,5,5,5,5,5,5,5,5,5,5,5,5,5,5,5,5,5,5,5,5,5,5,5,5,5,5,5,5,5,5,5,5,5,5,5,5,5,5,5,5,5,5,5,5,5,5,5,5,5,5,5,5,5,5,5,5,5,5,5,5,5,5,5,5,5,5,5,5,5
90,4.2.2021 16:26:51,man,21,SK,1,4,5,2,3,2,3,1,4,4,2,3,3,1,3,2,4,5,,3,3,3,5,5,4,5,3,,5,3,4,2,3,5,4,3,5,4,4,4,3,4,1,2,1,3,5,2,2,3,5,4,3,4,3,5,1,4,2,4,4,5,4,1,2,2,3,3,2,1,1,3,5
91,4.2.2021 16:43:56,woman,23,SK,5,3,5,5,1,3,3,1,,2,3,1,3,,,,5,3,1,,,1,2,3,1,5,3,1,3,1,1,1,1,3,1,3,4,1,1,1,1,2,1,1,,1,1,3,1,1,5,1,1,1,1,3,,1,1,1,,5,3,,,3,3,3,1,1,,,3
92,4.2.2021 20:36:41,woman,26,CS,5,5,4,5,5,5,2,2,4,4,5,3,5,4,,,5,5,4,2,,4,4,2,2,5,4,2,4,4,4,2,4,5,4,4,5,4,5,3,2,4,,1,1,1,2,5,1,3,5,2,4,3,3,3,1,5,2,3,2,5,4,2,,4,4,4,2,3,,3,5
93,5.2.2021 4:55:15,woman,38,CS,5,5,5,5,5,5,5,5,5,5,5,5,5,,,,5,5,5,5,,5,5,5,5,5,5,5,5,5,5,,5,5,5,5,5,5,5,5,5,5,,5,,5,5,5,,5,5,5,5,5,5,5,,5,,5,5,5,5,5,5,5,5,5,5,1,,1,5
94,5.2.2021 9:02:37,woman,22,CS,4,4,5,4,4,5,5,2,5,4,5,3,5,3,2,1,5,5,3,5,5,5,5,5,5,5,5,5,5,4,5,5,5,5,5,5,5,5,5,5,5,5,5,5,5,2,5,5,5,5,5,5,5,2,4,5,4,5,5,5,5,5,5,4,5,5,5,5,5,2,1,2,4
95,5.2.2021 10:17:43,woman,25,CS,5,5,5,5,5,5,4,3,5,5,4,4,5,4,,1,5,5,4,,5,5,5,5,5,5,4,5,5,5,5,4,5,5,5,5,5,5,5,5,5,5,3,5,5,2,5,5,3,5,5,5,5,5,4,5,2,5,5,5,5,5,5,,,5,3,5,5,1,,4,5
96,5.2.2021 12:20:09,woman,29,CS,3,5,5,4,4,5,2,2,5,3,5,2,4,,,,5,4,4,5,2,2,5,4,4,5,2,4,2,2,4,1,3,5,5,2,3,4,4,4,2,1,2,2,,1,2,4,2,4,5,3,2,1,2,3,1,3,1,5,5,5,5,,,5,4,5,4,1,,3,5
97,5.2.2021 15:40:54,woman,23,CS,5,5,5,4,3,2,2,2,3,3,4,2,3,2,,,5,4,2,1,1,3,3,3,3,5,2,2,3,4,2,1,2,4,5,2,5,2,2,2,1,2,1,5,,1,2,4,1,2,5,3,2,2,1,4,,3,4,4,4,5,5,2,,5,2,5,3,1,,3,5
98,5.2.2021 22:17:31,woman,23,CS,5,5,5,5,4,5,5,4,5,4,5,4,5,,,5,5,5,4,5,5,5,5,5,5,5,5,5,5,3,5,4,5,5,5,5,5,5,5,5,5,3,,5,5,2,5,5,2,5,5,5,5,3,3,5,4,5,4,5,5,5,3,5,,5,5,5,5,2,,2,5
99,6.2.2021 10:07:48,woman,30,CS,5,5,5,5,4,5,5,3,4,4,3,4,4,2,3,2,5,4,2,3,2,3,5,5,5,5,4,5,4,3,5,2,4,4,4,4,5,5,5,5,4,3,2,5,2,3,4,5,2,5,5,5,5,2,4,3,3,4,5,5,5,5,4,2,3,5,5,5,5,2,2,1,5
100,6.2.2021 14:10:33,man,51,CS,2,4,5,4,5,5,5,1,5,1,4,1,,1,,,5,3,5,4,,1,5,4,3,4,1,2,3,2,3,,2,4,5,1,3,2,4,3,1,1,,1,,1,2,3,,2,4,1,3,1,1,1,,2,2,4,5,5,5,3,,5,5,5,5,1,2,1,4
101,8.2.2021 1:39:15,woman,22,CS,4,5,5,5,5,5,5,4,4,5,5,5,5,,,,3,3,5,,2,4,5,4,1,5,3,5,5,1,2,1,1,5,5,2,5,4,5,5,2,3,,3,,2,2,5,,5,5,3,3,2,2,4,1,2,3,4,4,4,4,,,4,,4,3,1,,1,4
102,8.2.2021 8:40:53,woman,21,CS,4,5,5,4,4,5,4,2,4,4,5,3,4,2,,,5,4,3,,,4,5,3,3,5,2,4,3,3,3,,3,5,5,2,4,3,4,3,1,2,,1,,1,4,4,,3,5,3,3,2,2,1,1,1,3,4,4,5,5,,,4,4,5,5,4,,4,4
103,8.2.2021 8:43:50,woman,31,CS,5,5,4,5,5,5,5,4,5,5,5,5,5,4,2,3,5,5,5,3,3,5,5,5,5,5,5,5,5,5,5,4,5,5,5,5,5,5,5,5,3,5,3,4,4,5,5,5,3,5,5,5,5,5,5,5,3,4,5,5,5,5,5,3,3,5,5,5,5,5,2,5,5
104,8.2.2021 8:47:01,woman,25,CS,5,5,4,5,5,5,4,4,4,5,4,5,5,2,2,1,5,5,4,4,2,4,5,5,4,5,5,5,5,5,5,2,5,5,5,5,5,5,5,5,4,5,3,4,1,4,5,5,2,5,5,5,5,4,4,5,3,4,5,5,5,5,5,1,1,5,4,5,5,5,1,4,5
105,8.2.2021 8:56:19,woman,21,CS,5,5,5,5,3,5,5,2,5,3,5,1,5,,,,5,4,3,,,4,4,3,4,5,3,4,3,4,4,3,4,4,5,5,4,4,4,5,3,3,,3,,2,3,4,4,4,5,4,4,3,3,4,,4,2,5,5,5,5,,,5,5,5,5,2,,2,5
106,8.2.2021 8:58:20,woman,28,CS,3,5,5,3,3,5,5,3,5,1,5,2,3,2,,,5,2,4,5,3,4,4,2,4,5,5,4,3,1,3,,5,5,5,3,4,5,4,5,3,2,3,2,,2,3,4,,4,5,5,5,3,3,4,2,3,2,4,5,5,5,,,3,5,5,5,2,,3,3
107,8.2.2021 8:59:41,woman,28,CS,5,5,1,5,4,4,3,2,2,3,5,4,5,2,1,1,4,5,4,3,1,3,5,4,3,5,5,3,5,4,3,1,3,5,4,5,5,1,4,3,1,5,1,1,1,2,3,5,1,3,5,3,3,3,3,5,1,3,3,4,5,5,4,1,1,5,3,5,3,3,1,3,4
108,8.2.2021 9:00:55,woman,25,CS,2,4,4,3,3,4,4,1,4,1,4,2,2,1,,1,3,4,3,4,3,4,5,4,3,5,5,5,5,2,5,2,5,4,5,4,4,5,5,5,4,5,2,3,2,3,4,5,1,5,5,5,3,2,2,5,2,3,5,5,5,5,4,,,5,3,5,5,2,,2,3
109,8.2.2021 9:03:19,woman,19,CS,4,4,5,4,3,4,3,1,5,2,3,1,2,1,,2,5,4,2,3,2,3,5,3,4,5,4,2,3,3,3,1,3,3,2,4,5,3,4,3,3,3,4,4,4,2,4,4,2,3,5,4,3,2,3,4,1,4,3,5,4,5,4,2,3,5,3,4,3,2,,2,4
110,8.2.2021 9:12:46,woman,25,CS,5,5,5,5,3,4,4,1,5,4,3,3,3,1,2,,5,5,3,2,,5,5,5,3,5,4,5,5,3,5,2,5,5,5,4,5,5,5,5,3,1,,3,,2,4,4,,4,5,3,4,2,2,5,2,3,5,5,5,5,5,3,,5,5,5,5,2,,4,5
111,8.2.2021 9:13:09,woman,21,CS,5,5,5,5,5,5,5,5,5,5,5,5,5,5,5,3,5,5,5,5,3,4,5,4,4,5,4,5,4,5,5,3,5,3,5,3,4,5,5,5,3,3,4,5,2,3,3,5,4,5,5,3,3,4,4,4,2,3,5,5,5,5,4,4,4,5,5,5,5,5,2,5,5
112,8.2.2021 9:14:27,woman,21,CS,4,5,5,4,3,4,4,1,5,2,5,2,3,2,,,5,4,3,,,3,5,5,4,5,3,4,4,1,3,2,3,4,5,4,4,4,4,4,3,3,,2,3,1,3,4,,4,5,3,3,1,2,4,,4,2,5,4,5,4,,,5,3,5,5,1,2,2,5
113,8.2.2021 9:14:59,woman,25,CS,5,5,,5,5,5,5,5,5,5,5,5,5,,,,5,5,5,,,5,5,5,5,5,5,5,5,5,5,,5,5,5,5,5,5,5,5,,5,,,,5,5,5,,5,5,5,5,5,5,,5,5,5,5,5,5,5,,,,,,5,5,,5,5
114,8.2.2021 9:16:29,woman,28,CS,5,5,5,5,4,5,4,1,5,3,5,4,4,2,2,1,5,5,5,2,3,5,5,5,4,5,5,5,5,4,5,3,5,5,5,5,5,5,,5,5,5,3,4,4,1,5,5,2,5,5,5,5,4,4,5,2,4,5,5,5,5,5,3,5,5,4,5,4,2,1,2,5
115,8.2.2021 9:50:23,woman,17,CS,4,3,3,4,3,3,2,3,2,3,3,3,4,3,2,1,4,4,2,2,2,4,4,4,4,4,3,4,4,4,4,2,4,4,4,4,4,4,4,3,2,4,2,2,2,2,3,4,2,4,4,3,4,4,4,4,1,2,4,4,4,4,4,1,1,4,4,4,4,3,1,2,4
116,8.2.2021 9:56:52,woman,22,CS,3,5,5,4,3,3,2,2,4,3,5,3,1,1,,,5,3,1,1,,3,5,3,3,5,5,4,5,3,3,1,4,4,5,5,5,3,5,2,1,3,,2,,1,3,3,,3,5,3,4,3,4,5,,5,4,3,5,5,5,,,5,5,5,5,,,4,5
117,8.2.2021 10:10:30,woman,23,CS,3,3,3,3,3,3,3,3,3,3,3,3,3,3,1,3,3,3,3,3,2,3,3,3,3,3,3,3,3,3,3,2,3,3,3,3,3,3,3,3,3,3,3,3,2,3,3,3,3,3,3,3,3,3,3,3,2,3,3,3,5,5,5,3,1,5,5,5,5,5,2,5,5
118,8.2.2021 10:11:00,woman,20,CS,4,5,5,5,4,5,5,3,5,2,5,3,5,4,5,2,5,5,5,5,3,4,5,5,3,5,5,5,5,1,4,2,5,5,5,5,5,5,5,5,5,2,2,5,4,2,5,5,3,5,5,4,5,3,2,5,3,5,4,5,5,5,5,5,3,5,5,5,4,2,3,3,3
119,8.2.2021 10:18:36,woman,23,CS,5,3,4,4,3,3,3,1,4,2,4,2,4,1,1,1,5,3,3,3,1,3,5,4,3,5,5,5,5,3,3,1,3,5,5,5,5,5,5,5,3,4,1,3,1,2,3,5,1,3,5,3,4,3,2,5,2,5,2,5,5,5,5,3,2,5,4,5,5,2,1,1,5
120,8.2.2021 11:07:37,woman,21,CS,4,5,5,4,3,4,4,1,5,2,5,2,3,2,,,5,4,3,,,3,5,5,4,5,3,4,4,1,3,2,3,4,5,4,4,4,4,4,3,3,,2,3,1,3,4,,4,5,3,3,1,2,4,,4,2,5,4,5,4,,,5,3,5,5,1,2,2,5
121,8.2.2021 11:12:11,woman,22,CS,3,3,4,3,1,4,2,1,2,1,3,2,3,1,1,1,4,4,1,2,1,3,3,3,2,4,2,3,4,3,4,2,3,4,4,2,4,2,3,3,1,2,1,1,1,2,2,2,1,3,4,2,2,3,3,3,1,2,3,4,2,4,3,1,2,3,3,3,3,2,1,2,4
122,8.2.2021 11:15:55,woman,21,CS,4,5,5,5,4,5,4,4,4,4,4,4,4,4,,,5,5,4,,4,3,4,2,4,5,4,5,4,4,4,3,4,4,5,4,3,4,4,4,4,4,4,4,,2,4,4,,4,5,4,4,4,4,4,3,4,4,5,4,5,4,,,,3,5,4,1,4,4,3
123,8.2.2021 11:16:20,woman,24,CS,4,5,5,5,3,5,5,4,5,3,5,4,5,3,,1,5,4,4,,4,5,5,5,5,5,5,5,5,2,5,2,5,5,5,4,5,5,5,5,5,4,,4,,3,3,5,2,5,5,5,5,3,2,5,1,4,5,5,5,5,5,,5,4,3,5,5,2,,2,3
124,8.2.2021 11:18:14,woman,27,CS,5,5,5,5,5,5,4,2,5,5,5,3,5,2,2,1,5,5,4,2,1,3,3,3,3,5,3,3,3,5,5,1,4,5,4,3,3,3,4,3,2,1,1,2,1,1,3,3,1,3,5,1,4,3,3,3,1,2,4,2,5,5,5,1,2,5,4,5,5,2,1,3,5
125,8.2.2021 11:24:41,woman,22,CS,4,5,4,4,2,4,3,1,3,4,4,2,3,1,1,1,5,3,4,2,,3,4,5,3,5,3,3,4,2,4,,4,5,3,4,5,2,5,3,1,3,,1,,1,1,4,,3,5,2,2,1,1,4,1,2,4,3,2,5,5,,,4,3,5,2,1,,2,3
126,8.2.2021 11:28:26,woman,28,CS,3,4,5,4,3,5,5,3,3,2,4,2,3,2,2,,5,4,4,3,5,5,5,5,5,5,5,5,5,5,5,2,5,5,5,5,5,5,5,5,5,4,5,4,5,4,5,5,1,5,5,5,5,5,5,5,1,5,4,5,5,5,5,,,5,5,5,5,1,2,4,5
127,8.2.2021 11:33:41,woman,21,CS,5,5,5,4,3,4,4,2,5,2,4,2,5,2,2,2,5,4,4,5,5,5,5,5,5,5,5,5,5,4,5,3,5,5,5,5,5,5,5,5,5,5,3,2,4,2,5,5,4,5,5,5,5,4,4,5,3,5,3,5,5,5,5,3,4,5,4,5,4,3,2,1,5
128,8.2.2021 11:34:02,woman,29,CS,4,5,5,5,5,5,5,4,5,5,5,3,5,2,,,5,5,4,5,4,5,5,5,5,5,5,5,5,2,5,3,5,5,5,5,5,5,5,5,4,5,3,4,,1,5,5,1,5,5,5,5,2,1,5,,5,5,5,5,5,5,5,,5,5,5,5,2,,5,5
129,8.2.2021 11:35:11,woman,20,SK,5,5,5,5,5,5,5,5,,5,5,1,5,5,,1,5,5,5,,,5,5,5,5,5,5,5,5,5,5,,5,5,5,5,5,5,5,5,5,5,,5,,2,5,5,,5,5,5,5,5,5,5,1,5,5,5,5,5,5,,,5,5,5,5,2,1,,5
130,8.2.2021 11:39:31,woman,21,CS,3,5,4,5,4,4,4,3,4,5,5,4,5,,,,5,5,4,2,,4,5,4,4,3,5,4,5,4,5,2,5,5,4,5,4,5,5,4,3,1,,3,,2,3,4,,4,5,4,4,3,2,5,,2,4,5,3,5,5,,,4,3,5,4,2,,3,3
131,8.2.2021 11:42:12,woman,21,CS,5,5,5,5,5,3,3,2,3,5,4,5,5,1,1,1,5,5,2,2,1,4,5,4,3,5,3,4,5,5,5,1,5,5,5,5,5,2,5,4,3,4,1,2,1,3,3,2,2,3,5,2,4,3,4,5,2,2,5,5,4,5,5,1,2,5,3,5,5,5,1,5,5
132,8.2.2021 11:45:18,man,26,CS,4,5,5,3,2,4,4,3,3,2,3,2,2,2,2,2,5,3,3,2,3,3,3,3,3,4,3,3,3,2,5,3,3,4,3,3,4,4,4,3,3,3,2,3,2,2,3,4,2,4,4,3,3,3,3,3,2,3,3,3,3,5,5,2,4,4,3,4,4,1,2,3,4
133,8.2.2021 11:50:07,man,30,CS,5,5,5,5,5,5,5,3,5,4,5,3,5,,,,5,5,5,5,5,5,5,5,5,5,5,,5,4,5,,5,5,5,5,5,5,5,5,5,5,,5,,3,5,5,,5,5,5,5,,5,,5,5,5,,5,5,5,,5,5,5,5,5,2,,4,5
134,8.2.2021 11:50:22,man,20,CS,5,5,5,5,5,5,5,5,5,5,5,4,5,4,,5,5,5,5,,5,5,5,5,5,5,5,5,4,3,5,5,5,5,4,5,5,5,5,5,5,5,4,5,5,2,5,5,3,5,5,5,4,5,4,5,5,5,5,5,5,5,5,,5,5,5,5,5,5,3,5,5
135,8.2.2021 11:52:46,woman,20,CS,2,5,2,5,3,3,3,1,5,3,5,3,5,1,1,1,5,5,2,2,2,2,5,2,2,5,5,3,5,3,5,2,2,3,5,5,5,3,5,3,2,3,1,2,1,3,2,2,2,2,5,2,2,2,2,5,2,2,2,3,5,5,4,1,1,3,2,5,2,2,1,3,2
136,8.2.2021 11:55:35,man,21,CS,5,5,5,5,5,5,5,5,5,5,5,5,5,5,5,5,5,5,5,5,5,5,5,5,5,5,5,5,5,5,5,5,5,5,5,5,5,5,5,5,5,5,5,5,5,5,5,5,5,5,5,5,5,5,5,5,5,5,5,5,5,5,5,5,5,5,5,5,5,5,5,1,5
137,8.2.2021 12:01:48,woman,52,CS,4,5,5,4,5,5,5,1,5,4,5,4,5,3,,,5,5,5,5,,5,5,5,5,5,5,5,5,2,5,2,5,5,5,5,5,5,5,5,5,4,,5,5,3,5,5,2,5,5,5,5,2,3,5,,5,5,5,5,5,5,5,,5,5,5,5,2,5,5,5
138,8.2.2021 12:38:42,woman,23,CS,4,5,4,5,3,3,5,3,5,2,5,3,3,2,1,1,5,3,4,1,,5,5,2,3,5,3,4,4,1,5,,4,2,5,3,5,3,4,3,2,3,,3,,4,3,4,3,3,3,3,2,2,4,3,1,2,4,,5,5,4,,,4,4,5,2,1,,3,5
139,8.2.2021 12:49:29,man,41,CS,5,5,5,5,5,5,5,5,5,5,5,5,5,5,,5,5,5,5,5,5,5,5,5,5,5,5,5,5,5,5,5,5,5,5,5,5,5,5,5,5,5,5,5,5,5,5,5,5,5,5,5,5,5,5,5,5,5,5,5,5,5,5,5,,5,5,5,5,5,5,1,5
140,8.2.2021 12:50:15,woman,20,CS,4,5,3,5,4,5,1,1,2,3,4,3,5,2,1,1,4,4,5,1,,1,4,1,2,4,2,5,3,5,4,1,4,5,5,1,5,1,4,4,1,1,1,1,,3,2,5,,5,5,1,3,1,1,1,1,1,2,5,5,5,5,,,5,5,5,5,1,,2,5
141,8.2.2021 13:12:56,woman,24,CS,5,5,5,5,3,5,5,2,5,2,5,3,4,,,3,5,4,4,,,5,5,5,5,5,5,5,5,3,5,4,5,5,5,5,5,5,5,5,,3,,5,,3,5,5,,5,5,5,5,4,4,5,,5,5,5,5,5,5,,,5,5,5,5,3,,4,5
142,8.2.2021 13:15:04,man,21,CS,5,5,5,3,2,4,3,3,4,2,4,2,3,,,1,4,3,3,,,3,4,4,3,4,3,3,4,2,5,,3,4,5,,4,3,4,3,,2,,3,,2,2,3,,3,4,2,4,2,2,3,2,3,3,4,5,5,4,,,4,,4,3,2,,2,4
143,8.2.2021 13:20:28,woman,21,CS,5,5,5,5,5,5,5,5,5,5,5,5,5,5,5,1,5,5,5,5,,5,5,5,5,5,5,5,5,5,5,3,5,5,5,5,5,5,5,5,5,5,1,5,5,1,5,5,,5,5,5,5,5,5,5,5,5,5,5,5,5,5,5,5,5,5,5,5,5,,1,5
144,8.2.2021 13:25:18,woman,24,SK,5,5,5,5,5,5,5,,4,5,5,3,5,3,2,,5,5,5,,5,5,5,5,5,5,5,5,5,5,5,2,5,5,5,5,5,5,5,5,5,5,2,5,2,5,5,5,5,5,5,5,5,5,5,5,1,5,5,5,5,5,5,,5,5,5,5,5,5,,5,5
145,8.2.2021 13:25:58,woman,21,CS,5,4,5,4,3,5,5,3,5,4,5,3,5,3,3,1,5,4,4,5,,3,5,3,3,5,4,4,4,3,3,3,4,5,5,4,4,4,5,4,3,2,2,3,,3,3,4,2,4,5,3,3,3,3,4,2,3,3,4,4,5,5,,,5,4,5,3,3,,3,5
146,8.2.2021 13:27:34,woman,28,CS,5,5,5,4,1,1,5,3,3,4,3,2,3,,,1,4,4,1,2,1,4,3,4,2,3,5,4,4,2,3,,1,4,2,4,4,1,1,4,3,5,1,3,,3,3,5,,3,5,3,3,2,1,3,1,3,1,4,1,4,4,2,2,,2,4,1,2,,2,2
147,8.2.2021 13:28:12,woman,27,CS,4,5,5,5,2,4,3,2,4,2,4,3,2,2,,,5,3,3,,,4,4,4,2,5,4,3,5,4,4,,3,5,5,5,3,3,5,4,4,3,,4,,2,3,3,,3,5,4,2,2,4,5,,3,5,4,5,5,4,3,,5,3,5,3,2,,4,5
148,8.2.2021 13:33:54,woman,26,CS,4,5,5,4,4,5,5,5,5,4,4,4,4,,,,5,4,5,,5,5,5,5,5,5,5,5,5,5,5,5,5,5,5,5,5,5,5,5,5,5,5,5,,,5,5,5,5,5,5,5,5,5,5,1,5,5,5,5,5,5,,,5,5,5,5,3,,4,5
149,8.2.2021 13:50:55,woman,26,CS,3,5,5,5,4,5,5,3,5,3,4,1,4,,,,5,5,4,4,,3,5,4,4,5,4,4,4,1,5,,3,5,4,5,5,5,5,4,4,2,,4,,2,3,5,,4,5,2,4,2,2,5,,4,4,4,5,5,5,,,5,4,5,5,4,,5,5
150,8.2.2021 14:27:10,woman,20,CS,,5,2,4,3,4,3,1,4,2,4,3,3,1,1,1,5,4,4,2,1,3,3,2,2,3,3,3,2,3,2,1,2,4,5,3,5,4,4,3,3,2,1,1,1,1,4,3,1,3,5,4,2,2,3,3,1,3,1,5,5,5,4,2,2,4,4,5,3,1,1,1,5
151,8.2.2021 14:44:31,woman,20,CS,5,5,5,5,3,5,4,2,5,3,4,3,3,,,1,5,4,4,3,2,5,5,4,4,5,3,4,5,5,4,,5,4,4,5,5,4,4,4,4,5,,4,,2,3,4,3,4,5,5,4,3,3,5,1,5,5,3,5,5,5,1,3,3,4,5,4,4,1,4,4
152,8.2.2021 15:19:53,woman,22,CS,4,5,5,5,4,5,5,1,5,4,5,3,4,2,3,2,5,4,2,5,2,4,4,3,4,4,5,4,4,5,5,2,3,5,5,5,5,4,4,4,4,3,2,4,3,2,3,5,1,4,5,3,3,2,2,5,1,4,3,5,5,5,5,3,3,5,5,5,5,2,1,3,5
153,8.2.2021 15:25:29,woman,21,CS,4,4,5,4,3,5,5,2,5,3,4,3,4,,,,5,4,4,4,,2,4,4,2,5,3,4,3,5,5,,4,3,5,4,2,2,3,3,3,4,1,5,,1,3,4,,3,5,3,3,5,5,2,5,3,4,5,4,5,5,,,4,4,4,3,4,,5,5
154,8.2.2021 15:49:33,woman,20,CS,4,5,5,3,2,4,4,2,5,3,5,1,3,2,,1,5,4,3,2,1,3,5,2,2,4,4,5,5,2,5,2,4,4,3,3,4,4,5,3,3,2,1,4,2,1,2,4,1,5,5,2,4,1,2,5,1,3,4,5,5,5,5,,,4,2,5,3,1,,2,5
155,8.2.2021 16:37:50,woman,27,CS,3,3,3,3,2,3,2,2,3,3,2,3,3,1,1,1,3,3,2,2,1,2,3,3,2,3,3,2,3,3,3,2,3,3,3,3,3,2,3,2,2,3,1,2,1,2,2,3,2,2,3,3,2,3,3,3,1,2,3,3,4,5,5,2,3,5,5,5,4,3,2,3,4
156,8.2.2021 16:46:57,woman,26,SK,4,5,4,5,1,4,4,1,4,3,2,1,3,1,,,5,4,2,,2,4,5,4,3,5,3,4,5,4,5,,4,4,3,3,5,4,4,3,,2,,2,,1,3,4,2,4,5,3,4,1,3,4,1,4,2,4,4,5,3,,,2,2,3,4,1,,2,5
157,8.2.2021 17:03:02,woman,20,CS,5,5,5,5,4,5,5,2,5,2,5,2,5,2,3,3,5,5,4,4,3,5,5,5,5,5,5,5,5,3,4,3,4,5,5,5,5,5,5,5,4,4,4,4,5,1,5,5,2,5,5,5,5,3,2,5,3,5,4,5,5,5,3,5,4,5,5,5,4,1,2,2,5
158,8.2.2021 17:43:52,man,42,CS,5,5,5,5,1,5,5,1,5,1,5,1,5,1,1,,5,5,1,4,1,1,5,5,1,5,5,1,5,1,1,1,1,5,1,5,5,1,1,5,1,5,1,1,,1,5,5,1,1,5,1,1,1,1,5,1,5,1,5,5,5,5,4,1,5,1,5,1,1,,1,1
159,8.2.2021 17:49:18,woman,25,CS,4,5,5,4,3,5,3,1,5,4,4,2,3,1,1,1,5,4,2,1,1,4,5,3,3,5,3,5,5,5,5,2,4,5,5,3,5,4,5,3,1,2,1,1,1,1,2,5,1,4,5,2,4,4,4,3,1,3,5,5,5,5,5,,1,5,3,5,4,1,,1,5
160,8.2.2021 18:17:58,woman,24,CS,3,5,5,4,1,2,1,1,4,1,5,1,3,1,1,1,5,5,1,3,2,1,4,2,2,4,2,1,4,3,2,1,4,5,3,3,5,3,2,3,2,5,1,3,1,1,3,5,1,3,5,5,2,3,1,4,1,5,1,2,4,5,5,1,3,4,4,5,1,1,1,2,5
161,8.2.2021 18:20:23,woman,19,CS,3,5,5,4,2,5,5,2,5,2,4,4,4,,,5,5,4,5,5,5,5,5,5,5,5,5,5,5,5,5,,5,5,5,5,5,5,5,5,5,5,,5,,3,5,5,3,5,5,5,5,5,4,5,1,5,5,5,5,5,5,,,5,5,5,5,3,,5,5
162,8.2.2021 18:47:31,woman,17,CS,3,4,5,4,3,3,3,1,1,5,3,2,2,1,1,1,5,3,3,2,1,2,3,3,4,5,3,2,4,4,4,,4,5,5,4,4,2,2,2,3,3,1,2,1,1,2,5,1,2,5,2,2,1,2,3,5,3,2,3,3,5,5,2,2,5,3,5,4,1,,3,5
163,8.2.2021 20:17:51,man,28,CS,1,3,1,1,4,1,1,4,,1,1,5,1,,,,1,1,3,,1,4,1,1,1,1,1,1,1,3,1,1,1,1,4,1,1,1,1,1,1,4,,,,1,1,1,1,1,1,1,1,1,1,1,1,1,5,1,,1,,,,,,,,,,2,
164,8.2.2021 21:12:58,woman,19,CS,4,5,5,5,2,5,4,3,5,1,4,1,4,1,,1,4,4,5,4,,3,4,4,4,4,4,3,4,5,5,,3,4,5,5,3,4,3,3,,3,,2,,1,1,4,,4,5,2,4,1,,4,,4,,4,5,5,5,,,5,1,5,1,1,,,5
165,8.2.2021 21:23:10,woman,22,CS,5,5,5,4,5,5,5,3,4,5,5,3,4,3,1,3,5,5,4,1,2,2,4,2,2,3,2,4,3,5,4,2,3,2,2,1,2,4,5,3,2,1,2,3,2,4,2,4,1,3,5,3,2,3,3,1,1,2,3,3,5,5,5,2,2,5,2,5,5,3,2,4,5
166,8.2.2021 21:39:07,woman,24,SK,5,5,5,5,5,5,5,5,5,5,5,5,5,5,5,1,5,5,5,5,5,5,5,5,5,5,5,5,5,5,5,5,5,5,5,5,5,5,5,5,5,5,5,5,5,5,5,5,5,5,5,5,5,5,5,5,5,5,5,5,5,5,5,5,5,5,5,5,5,5,5,1,5
167,8.2.2021 21:55:03,woman,23,CS,2,1,1,2,2,1,1,4,1,2,2,4,2,5,5,,1,2,2,5,5,2,2,3,3,3,3,2,3,1,2,,2,3,4,3,3,3,2,2,4,2,5,3,,3,2,2,,3,2,2,3,5,5,3,,3,3,2,2,1,2,,5,2,4,1,3,5,,3,2
168,8.2.2021 22:03:21,woman,27,CS,5,5,4,5,4,4,4,1,4,4,4,3,4,,,,5,4,4,2,,2,5,4,5,2,3,4,4,3,2,,3,5,5,3,4,3,5,5,3,3,,2,,1,3,5,,4,5,3,5,1,1,4,,3,5,4,4,5,5,,,5,4,5,4,3,,4,5
169,8.2.2021 22:18:34,woman,21,CS,4,5,5,5,4,4,5,3,3,3,5,3,2,3,2,,5,4,5,4,,4,5,5,4,5,4,5,5,5,5,,5,5,5,4,5,5,5,5,3,5,,4,,4,4,4,3,5,,5,5,4,4,4,2,4,4,5,5,5,5,,,5,4,5,4,3,,4,4
170,9.2.2021 8:01:19,woman,25,CS,5,5,5,5,3,5,3,1,3,5,4,2,4,,,,5,5,4,3,,3,5,4,2,5,4,3,3,5,3,4,5,5,4,3,4,3,3,4,,3,,2,,2,3,5,,3,5,3,4,3,4,3,2,4,4,4,5,5,5,,,5,4,5,5,1,,3,5
171,9.2.2021 8:21:19,woman,22,CS,5,5,5,5,2,5,3,2,2,3,3,2,4,1,,,5,2,3,4,2,4,4,3,2,5,1,5,4,4,5,,3,5,5,1,3,5,5,4,2,1,,1,2,1,1,1,1,4,5,1,3,2,1,2,1,3,4,5,4,5,5,,2,4,3,5,5,1,,3,4
172,9.2.2021 9:13:47,woman,17,SK,5,5,4,5,4,2,2,2,1,3,4,3,3,1,1,1,3,5,2,1,1,1,4,2,2,5,3,2,5,3,3,1,2,3,2,3,5,3,2,3,2,2,1,1,1,2,1,5,2,4,5,3,3,3,2,3,5,2,3,5,4,5,1,1,1,3,2,4,4,4,1,2,3
173,9.2.2021 12:47:49,woman,20,CS,3,5,5,5,5,5,5,5,5,5,5,5,5,5,,1,5,5,5,,,5,5,5,5,3,5,5,5,5,5,,5,5,5,5,5,5,5,5,5,5,3,5,,5,5,5,4,5,5,5,5,5,5,5,1,5,5,5,5,5,5,1,2,5,5,5,5,5,,5,5
174,9.2.2021 17:52:08,man,56,CS,3,5,5,4,4,5,5,,5,2,4,1,4,,,,5,4,5,,,5,5,4,5,5,4,5,5,1,5,,5,5,5,4,5,5,5,5,,2,,1,,1,3,5,,5,5,3,5,2,1,3,1,1,2,5,5,5,5,,,5,5,5,5,1,,2,5
175,9.2.2021 18:28:04,woman,22,CS,4,5,4,4,3,5,4,3,2,3,4,3,4,3,,,5,3,5,3,,5,5,4,4,5,4,5,5,4,5,,5,5,5,4,5,5,5,4,4,4,,3,,3,4,3,,4,5,4,3,4,3,5,,4,5,4,5,5,5,,,4,4,5,5,3,,5,5
176,9.2.2021 21:48:34,woman,23,CS,4,5,5,5,5,5,5,3,5,3,5,3,4,3,5,5,5,5,5,5,5,5,5,5,5,5,5,5,5,2,5,4,5,5,5,5,5,5,5,5,5,5,4,5,5,3,5,5,4,5,5,5,5,4,4,5,4,5,5,5,5,5,5,5,,5,5,5,5,1,,3,5
177,9.2.2021 23:25:14,woman,24,CS,4,4,4,4,3,3,4,2,4,2,3,3,2,1,1,1,5,3,2,1,1,3,4,3,3,5,2,3,4,3,3,1,3,5,5,2,4,3,4,3,2,2,1,1,,2,2,4,1,3,5,3,3,2,2,2,1,2,2,4,5,5,5,,,5,5,5,3,2,,4,4
178,10.2.2021 7:56:17,woman,25,CS,2,5,5,5,5,5,4,3,4,5,5,5,5,1,1,2,5,5,5,1,1,2,3,2,3,5,4,3,4,3,4,1,3,4,5,5,4,3,3,3,2,2,1,3,1,2,1,3,2,3,5,2,2,2,3,2,2,4,5,3,4,5,5,1,1,4,3,5,2,3,1,2,4
179,11.2.2021 19:16:17,woman,21,CS,4,4,4,4,4,4,4,4,4,4,4,4,4,3,2,1,4,4,4,4,2,4,4,4,4,4,4,4,4,4,4,4,4,4,4,4,4,4,4,4,4,4,3,4,,4,4,4,,4,4,4,4,4,4,4,4,4,4,4,4,4,4,1,2,4,4,4,4,4,,4,4
180,3.2.2021 20:17:16,woman,23,CS,3,5,4,3,2,4,3,1,3,1,3,1,3,,,,5,2,3,4,3,,5,5,3,5,3,4,5,1,3,,3,5,5,4,5,4,5,4,3,3,2,2,,3,2,4,,4,5,3,4,3,3,4,2,3,2,5,4,5,3,,,3,3,5,3,1,,2,5
181,4.2.2021 11:23:14,woman,24,CS,5,5,5,5,5,5,4,5,3,5,5,5,4,2,2,1,5,5,5,2,1,5,5,5,4,5,5,5,5,2,5,2,5,5,5,5,5,5,5,4,2,3,2,3,1,1,3,5,1,3,5,4,4,4,3,5,1,4,3,5,4,5,5,,,5,2,5,4,2,,3,5
182,4.2.2021 11:26:12,woman,31,CS,3,5,5,5,3,5,4,1,5,2,5,1,3,,,,5,4,3,3,,2,3,3,4,5,4,4,4,1,5,1,4,4,4,4,4,4,5,4,3,1,2,2,2,1,2,5,,4,5,2,4,2,2,3,,4,5,4,5,5,5,,,5,5,5,5,2,,2,5
183,4.2.2021 11:26:20,woman,43,SK,5,5,5,5,3,5,5,2,5,3,5,3,4,3,,,5,5,4,,2,4,5,4,5,5,4,3,4,4,5,1,5,5,5,4,5,3,5,3,3,3,1,2,4,1,3,4,1,2,5,4,5,3,3,4,2,4,2,5,5,5,4,4,5,5,5,5,5,2,,,5
184,4.2.2021 11:35:59,man,29,CS,5,5,5,5,5,5,5,5,5,5,5,5,5,,,,5,5,5,5,5,5,5,5,5,5,5,5,5,5,5,,5,5,5,5,5,5,5,5,5,5,5,5,,5,5,5,5,5,5,5,5,5,5,5,5,5,5,5,5,5,5,,5,5,5,5,5,5,,5,5
185,4.2.2021 11:46:56,man,64,CS,2,4,4,1,3,4,4,,4,1,4,1,2,,2,,4,2,4,4,,4,4,3,4,4,4,4,3,1,3,,4,4,4,3,3,4,4,4,4,3,,4,,2,3,4,,4,4,4,3,2,2,3,4,4,3,4,4,4,4,,4,4,4,4,4,2,3,3,4
186,4.2.2021 11:57:23,man,33,CS,3,5,5,3,3,5,5,2,4,3,4,2,3,,,,5,5,4,,2,4,4,4,4,5,3,4,4,5,4,,4,5,5,3,4,4,4,4,3,3,,1,,1,4,4,1,4,5,2,4,4,2,3,,3,1,4,5,5,3,,,5,5,5,5,1,,2,5
187,4.2.2021 12:12:27,woman,49,CS,4,5,5,5,4,5,5,2,5,2,5,2,5,,,,5,4,2,,,4,5,4,4,4,3,5,4,1,5,,5,5,5,3,4,5,5,5,3,3,,1,,1,3,4,1,5,5,3,4,2,3,3,2,3,3,5,5,5,5,,,5,,5,4,1,1,3,5
188,4.2.2021 12:14:32,woman,24,CS,4,5,4,4,4,5,4,2,5,4,5,4,3,2,1,1,5,5,3,2,3,4,5,4,4,5,3,5,5,3,5,,5,5,5,2,4,5,5,5,4,1,2,1,4,1,2,5,2,5,5,4,3,3,3,1,2,2,4,5,5,5,4,2,2,5,4,5,4,2,,4,5
189,4.2.2021 12:32:12,man,29,CS,4,5,5,5,3,5,5,2,5,4,5,2,4,,3,,5,4,5,,,3,5,4,3,5,4,3,4,3,5,2,4,5,5,4,4,2,4,3,3,1,,4,3,1,3,4,3,3,5,5,3,2,2,2,1,2,5,5,5,5,5,,,5,5,5,5,1,,2,5
190,4.2.2021 12:39:43,man,29,CS,4,5,5,5,5,5,5,4,5,5,5,3,5,,,,5,5,5,,5,5,5,5,5,5,5,5,5,4,5,,5,5,5,5,5,5,5,5,5,5,5,5,5,5,5,5,2,5,5,5,5,2,3,5,2,5,5,5,5,5,5,,,5,5,5,5,2,1,3,5
191,4.2.2021 12:53:48,man,26,CS,4,5,5,4,2,4,2,2,4,3,3,2,3,,1,,5,4,4,,,2,2,3,2,5,2,2,3,3,2,,2,5,5,2,3,2,3,3,2,2,1,2,,2,2,4,1,2,5,2,2,2,2,3,2,2,3,3,3,5,4,,1,5,2,4,1,1,1,2,4
192,4.2.2021 13:05:52,woman,35,CS,5,5,5,5,5,5,5,5,5,5,5,5,5,1,1,5,5,5,5,5,3,5,5,5,5,5,5,5,5,5,5,2,5,5,5,5,5,5,5,5,5,5,3,4,1,5,5,5,3,5,5,5,5,5,5,5,5,5,5,5,5,5,5,1,5,5,5,5,5,5,2,5,5
193,4.2.2021 13:37:00,man,19,CS,3,5,4,5,1,3,2,1,2,1,4,1,3,1,1,1,5,4,2,1,,2,4,4,4,5,2,2,4,2,2,,4,5,5,2,4,3,2,3,,1,,,,1,3,2,,2,4,2,3,3,2,1,1,2,4,4,4,5,5,,,,,4,3,1,1,2,5
194,4.2.2021 13:38:34,man,29,CS,4,5,5,3,3,4,5,2,5,3,5,2,3,3,4,,5,3,5,4,4,4,5,5,4,5,4,5,5,3,5,3,5,5,5,5,5,5,5,4,4,4,2,2,4,2,4,,2,5,5,4,4,3,3,5,,4,3,5,4,5,5,,3,4,4,5,5,3,2,3,5
195,4.2.2021 13:43:55,man,26,CS,4,5,5,5,4,5,5,3,5,3,5,1,4,3,5,4,5,5,3,5,,5,5,5,5,5,4,5,5,3,5,5,5,5,5,4,5,5,5,5,5,3,5,4,5,3,4,5,3,5,5,5,5,5,4,5,3,5,4,5,5,5,5,5,,5,,5,5,3,3,3,5
196,4.2.2021 13:50:32,woman,28,CS,3,5,5,5,4,5,5,3,5,4,4,3,2,,,,5,3,5,5,3,5,5,5,5,5,3,5,5,4,5,,5,5,5,3,5,5,5,4,,3,,5,,3,4,5,3,5,5,4,5,4,3,3,2,3,5,5,5,5,5,,,5,5,5,5,3,5,5,5
197,4.2.2021 13:50:48,woman,26,CS,4,5,5,5,5,5,5,4,5,4,5,4,4,4,4,2,5,5,5,5,,5,5,5,5,5,5,5,5,5,5,4,5,5,5,4,5,5,5,5,5,4,3,4,5,4,5,,5,5,5,5,5,4,5,4,4,4,5,5,5,5,5,5,3,5,5,5,5,5,3,5,5
198,4.2.2021 13:51:06,woman,19,CS,5,5,5,4,4,5,5,5,5,5,5,4,3,3,,1,5,4,4,,3,5,5,5,5,5,5,5,5,5,5,3,5,5,5,5,5,5,5,5,4,5,3,5,3,4,5,5,,5,5,3,5,3,3,5,4,5,5,5,5,5,5,2,3,5,5,5,5,4,2,5,5
199,4.2.2021 14:28:23,man,22,CS,2,5,5,2,2,5,4,1,5,1,5,1,2,1,,,5,2,4,,,4,5,4,4,5,3,5,4,2,4,2,4,5,5,3,4,5,5,5,4,2,1,2,,2,3,4,,5,4,3,4,3,4,3,2,2,3,5,4,5,5,,,4,4,4,3,1,,2,5
200,4.2.2021 15:07:34,woman,19,CS,3,5,5,4,3,5,4,1,5,2,5,2,3,,,1,5,3,4,3,2,4,3,4,4,5,5,4,4,5,4,,3,5,5,5,4,4,4,4,2,2,,2,,2,2,5,,4,5,,4,3,1,2,4,3,2,5,5,5,5,2,2,5,4,5,3,1,,3,5
201,4.2.2021 15:22:07,man,24,CS,5,5,5,5,4,5,5,,5,3,5,3,3,,,,5,5,5,5,1,5,5,4,4,5,4,5,5,3,5,,5,5,5,4,5,5,5,5,1,2,,3,,4,2,5,,5,5,4,3,3,3,4,1,3,5,5,5,5,5,,,5,5,5,5,4,,5,5
202,4.2.2021 15:22:44,man,20,CS,5,5,5,5,3,5,4,3,5,3,4,2,3,3,3,3,5,4,4,4,3,4,5,4,4,5,4,5,5,2,4,2,4,4,5,4,5,5,5,5,4,4,3,4,3,1,4,5,3,,5,5,4,3,3,4,2,4,4,5,4,5,3,2,3,5,5,4,5,2,1,1,5
203,4.2.2021 17:31:45,man,31,CS,5,5,5,5,2,5,5,,5,2,4,1,5,,,1,5,2,5,,,5,2,5,5,5,4,5,5,3,1,,2,5,5,4,5,5,5,5,,4,,3,,2,3,5,1,5,5,3,5,2,3,4,3,5,2,5,5,5,5,,,5,,5,5,1,,1,5
204,4.2.2021 17:32:50,man,22,CS,3,1,1,3,3,1,1,3,1,4,2,3,3,3,5,5,1,3,1,5,1,1,1,1,1,1,1,1,1,1,1,3,1,1,1,1,1,1,1,1,3,3,5,3,5,3,4,1,4,1,1,3,1,3,3,4,1,4,1,1,1,1,1,5,5,1,1,1,1,1,5,1,1
205,4.2.2021 17:45:17,woman,24,CS,3,5,5,3,4,5,4,2,5,3,5,2,3,,,1,5,4,4,5,4,5,5,5,5,5,5,5,5,2,5,,5,5,5,5,5,5,5,5,4,4,,2,,1,4,5,2,5,5,5,5,2,2,5,1,4,2,5,5,5,5,,5,5,5,5,5,1,,2,5
206,4.2.2021 17:55:47,woman,58,CS,4,,4,4,4,4,5,4,5,3,5,2,3,,,,5,5,5,2,,3,4,4,2,5,4,5,3,2,3,,2,5,5,4,,5,5,5,,1,,,,,1,,,5,5,4,,2,1,2,4,2,4,3,5,5,5,,,5,5,5,5,4,,5,5
207,4.2.2021 17:56:06,woman,80,CS,5,5,5,5,2,4,5,1,5,1,5,1,5,1,1,1,5,5,1,5,,1,5,5,2,5,3,2,5,1,2,,2,5,2,5,5,2,2,1,1,5,,1,,3,3,4,,1,5,2,2,1,1,5,1,5,2,4,4,5,4,1,,1,1,5,1,1,,,1
208,4.2.2021 17:56:35,woman,55,CS,3,5,5,3,2,5,5,2,5,2,5,1,3,,,1,5,4,3,4,,5,5,5,5,5,5,5,5,3,2,1,5,5,5,5,5,5,5,5,,4,1,4,4,2,5,5,1,5,5,5,4,1,1,5,1,5,3,5,5,5,5,,,5,5,5,5,1,,2,5
209,4.2.2021 18:00:55,man,56,CS,1,3,3,1,3,3,3,1,3,1,3,1,3,,,1,3,1,3,3,1,3,3,3,3,3,3,3,3,3,3,3,3,3,3,3,3,3,3,3,2,2,2,3,3,3,1,3,2,3,3,3,3,3,3,3,2,3,3,3,3,3,3,1,3,3,3,3,3,2,,3,3
210,4.2.2021 18:45:40,man,34,SK,3,5,4,4,3,3,4,3,4,3,4,2,3,4,3,4,4,4,4,4,4,3,5,4,4,4,3,4,4,4,4,4,4,4,5,3,5,4,4,4,4,4,3,4,3,3,4,4,3,4,4,4,4,4,4,4,4,3,4,5,3,5,4,4,4,4,4,5,4,3,3,4,3
211,4.2.2021 19:05:28,man,21,CS,5,5,5,5,3,5,5,2,5,2,5,3,5,2,4,1,5,5,5,5,3,4,5,5,5,5,5,4,5,3,4,3,4,5,4,5,5,4,4,4,5,5,3,1,2,1,4,5,3,4,5,5,5,3,3,5,3,5,1,5,5,5,5,,4,5,5,5,3,1,,2,4
212,4.2.2021 20:51:13,man,51,SK,4,5,5,5,3,5,5,1,5,1,4,1,4,1,3,3,5,5,5,4,4,5,5,5,5,5,5,5,5,1,5,1,5,5,5,5,5,5,5,5,5,3,4,3,4,2,4,5,1,5,5,4,5,1,1,5,1,5,3,5,5,5,4,5,1,5,5,5,4,1,2,3,5
213,4.2.2021 20:54:21,woman,26,CS,3,5,5,5,2,5,5,2,5,4,5,4,5,3,2,1,5,5,5,5,,4,5,5,5,4,3,5,4,2,4,,4,5,5,3,3,3,5,5,,3,,5,,5,3,4,,5,5,5,4,4,2,4,,4,5,5,5,5,5,5,,5,5,5,5,2,,5,5
214,4.2.2021 22:28:23,man,22,CS,5,5,5,5,2,5,5,1,5,1,4,1,4,,,,5,5,3,,,4,5,4,4,5,3,3,4,1,2,,1,5,4,3,3,3,4,4,,2,,2,,1,4,4,,4,5,2,3,3,3,2,1,4,2,5,4,5,3,,,,,4,4,1,,2,
215,5.2.2021 5:42:44,man,49,CS,4,5,5,3,2,4,3,2,5,2,4,1,3,2,3,4,5,3,3,4,,3,3,4,4,4,5,3,3,1,3,2,3,4,4,5,5,3,3,3,3,4,2,2,3,1,4,4,1,3,5,2,4,2,2,4,2,5,3,4,5,5,3,5,,3,4,4,3,1,1,2,3
216,5.2.2021 9:09:46,man,26,SK,4,5,4,4,2,2,3,1,2,2,1,2,3,,,,5,3,2,,1,1,2,2,4,4,3,1,3,5,2,,1,5,4,2,4,1,1,1,1,1,,1,,1,1,1,,3,5,1,1,1,1,1,,2,3,3,1,5,4,,3,3,1,4,2,1,,1,4
217,5.2.2021 10:01:33,man,48,CS,4,4,4,4,4,4,4,4,4,4,4,4,4,4,1,2,4,4,4,3,3,4,4,4,4,4,4,4,4,4,4,4,4,4,4,4,4,4,4,4,4,4,4,4,4,4,4,4,4,4,4,4,4,4,4,4,,4,4,4,4,4,4,,4,4,4,4,4,4,,4,4
218,5.2.2021 10:50:34,man,29,CS,2,2,1,2,2,2,2,4,1,3,2,3,3,5,2,4,1,2,2,1,3,3,2,2,3,2,3,3,3,4,2,2,2,3,2,2,2,2,2,3,3,3,3,2,3,5,3,2,3,3,1,3,3,4,4,3,4,3,4,2,1,1,,3,2,1,2,1,1,3,4,4,3
219,5.2.2021 11:54:58,woman,31,CS,3,4,5,4,3,5,5,3,5,3,3,2,4,3,3,1,5,4,3,5,5,4,4,4,4,,5,4,4,5,5,2,5,5,4,4,5,4,5,5,3,4,3,4,4,2,4,4,3,4,5,5,5,3,3,4,1,4,4,4,5,5,5,3,3,5,5,5,5,2,,3,5
220,5.2.2021 12:36:46,woman,58,CS,5,5,5,5,5,5,5,5,5,5,5,5,5,5,5,5,5,5,5,5,5,5,5,5,5,5,5,5,5,5,5,5,5,5,5,5,5,5,5,5,5,5,5,5,5,5,5,5,5,5,5,5,5,5,5,5,5,5,5,5,5,5,5,5,5,5,5,5,5,5,5,5,5
221,5.2.2021 14:16:09,woman,25,SK,5,5,5,5,5,5,5,5,,5,5,3,5,5,,1,5,5,5,,4,4,5,5,5,5,4,4,5,5,5,,5,5,5,4,5,4,5,5,4,4,2,5,,2,4,5,3,4,5,4,4,5,3,4,1,4,4,5,,5,5,,,5,5,5,5,1,1,,5
222,5.2.2021 19:36:49,woman,20,CS,5,5,5,5,5,5,5,5,5,5,5,5,5,5,1,1,5,5,5,5,5,5,5,5,5,5,5,5,5,5,5,5,5,5,5,5,5,5,5,5,5,5,3,5,1,5,5,5,5,5,5,5,5,5,5,5,5,5,5,5,5,5,5,5,5,5,5,5,5,1,1,1,5
223,8.2.2021 9:06:07,man,26,CS,4,4,4,5,3,3,2,1,,3,5,3,4,,,,4,3,2,,,1,1,1,1,3,1,1,1,5,1,,1,1,3,3,1,1,1,1,,1,,3,,1,1,1,,1,1,1,1,1,1,1,,1,1,1,5,5,5,,,5,4,5,5,4,,1,5
224,8.2.2021 9:23:21,man,30,CS,3,5,5,4,3,5,5,2,5,3,4,2,4,,,1,5,4,5,5,,4,5,5,5,5,4,5,5,3,5,,4,5,5,5,5,5,5,5,4,4,,4,,4,4,5,,5,5,5,5,4,4,3,,4,5,5,5,5,5,,,5,4,5,5,3,,4,5
225,8.2.2021 9:48:23,woman,54,CS,5,5,5,4,3,5,3,1,5,3,2,1,3,1,2,1,5,4,3,5,2,2,2,2,3,5,3,5,2,2,3,3,3,3,4,3,3,3,4,3,2,1,3,3,3,2,2,2,3,3,5,2,2,2,4,2,5,4,3,5,5,5,5,3,2,5,5,5,4,3,1,5,5
226,8.2.2021 11:38:00,man,27,SK,2,5,5,,3,4,4,3,,2,4,2,3,,,,5,4,4,,4,5,5,5,5,4,5,5,5,1,5,3,5,5,5,3,4,5,5,5,4,4,,4,5,1,3,5,,,5,4,4,5,,,2,3,5,5,5,5,5,,4,4,,4,4,1,,,4
227,8.2.2021 15:41:58,woman,38,CS,5,5,5,5,5,5,5,4,5,5,5,3,5,5,5,5,5,5,5,5,,5,5,5,5,5,5,5,5,1,5,,5,5,5,5,5,5,5,5,5,5,,5,,3,5,5,5,5,5,5,5,5,5,5,,5,5,5,5,5,5,5,,5,5,5,5,1,,3,5
228,3.2.2021 16:19:33,man,30,CS,3,5,5,4,3,5,4,2,5,2,5,1,4,,,1,5,3,3,,,4,3,4,5,5,2,4,4,1,2,,3,5,5,2,3,4,4,4,2,2,,3,,1,2,5,,3,5,2,4,1,1,2,1,2,3,4,5,5,5,5,,5,5,5,3,1,,3,5
229,3.2.2021 16:37:47,man,29,CS,3,5,5,5,4,5,5,1,5,2,5,2,4,2.0,4,1,5,4,3,4,3.0,5,5,4,5,5,4,5,5,3,5,4,5,5,5,3,5,5,5,5,4,2,4,3,4,2,4,5,1,5,5,5,5,3,3,5,2,3,4,5,5,5,5,4,,5,5,5,5,4,1,3,4
230,3.2.2021 17:11:56,man,28,CS,5,5,4,5,3,5,5,2,4,5,5,3,5,2.0,2,1,5,3,5,4,,2,4,4,4,5,1,5,2,5,5,,4,5,5,1,2,5,5,2,3,2,4,2,4,2,2,3,,5,5,1,4,4,4,1,1,1,5,3,5,5,5,2,3,4,2,5,5,2,,4,4
231,4.2.2021 11:00:29,woman,42,CS,4,5,5,5,4,5,5,5,5,4,5,3,4,4.0,,,5,5,5,,,5,5,5,5,5,5,5,5,3,5,5,5,5,5,5,5,5,5,5,5,4,1,5,5,3,5,5,1,5,5,5,5,3,3,5,4,5,5,5,5,5,5,,5,5,5,5,5,3,,5,5
232,4.2.2021 11:02:06,woman,35,CS,4,5,5,5,3,5,4,2,5,2,5,3,4,2.0,3,,5,4,4,5,4.0,5,5,5,5,5,4,5,5,1,4,3,4,5,5,4,5,5,5,5,5,4,5,5,4,3,5,5,1,5,5,5,5,2,2,5,3,4,4,5,5,5,3,5,4,5,5,5,4,1,,2,5
233,4.2.2021 11:11:39,man,35,CS,2,5,5,3,4,5,5,,5,4,4,1,3,,,,5,4,3,5,,5,5,5,5,5,4,5,5,3,5,,5,5,5,4,4,5,5,5,4,3,,3,,2,3,5,,5,5,4,5,3,2,4,,3,3,5,5,5,5,,5,5,4,5,3,1,,2,5
234,4.2.2021 11:25:33,man,37,CS,4,5,5,4,4,5,4,2,5,2,4,2,5,,,,5,5,4,5,,5,5,5,5,5,5,5,5,1,5,,5,5,5,5,5,5,5,5,5,4,,,,2,5,5,,5,5,5,5,4,4,5,3,5,3,5,5,5,5,,,5,5,5,4,3,,4,5
235,4.2.2021 12:17:55,man,39,CS,4,5,5,4,4,5,5,1,5,4,5,2,3,2.0,,,5,4,5,,,5,5,5,5,5,5,5,5,3,5,3,5,5,5,5,5,5,5,5,5,5,,4,,2,5,5,,5,5,5,5,2,2,5,4,5,3,5,5,5,5,,5,5,5,5,5,2,,1,5
236,4.2.2021 13:34:45,man,38,CS,2,4,5,3,1,4,2,1,3,1,4,1,2,,,,5,2,2,,2.0,4,4,4,3,4,3,4,4,1,4,1,4,4,3,3,4,4,4,4,3,2,,3,3,1,4,4,,4,5,4,4,3,2,3,1,3,1,5,5,5,4,,,5,5,5,2,1,,3,5
237,4.2.2021 17:08:03,man,26,CS,4,5,5,4,4,5,5,1,5,4,5,1,4,,,1,5,5,3,,,4,5,5,5,5,4,5,5,1,5,,5,5,5,4,5,5,5,4,,4,,3,,,5,5,,4,5,4,5,1,1,5,1,4,4,5,4,5,,,,4,,5,,3,,5,5
238,4.2.2021 17:58:54,man,34,CS,3,5,5,4,2,5,4,1,4,1,4,1,3,,,,5,4,4,5,,3,4,3,3,4,3,4,4,1,3,,3,3,4,3,4,4,4,3,3,2,2,2,3,2,2,4,,4,4,2,3,2,2,3,,2,2,4,4,5,5,,,5,4,5,4,1,,1,5
239,5.2.2021 10:22:41,man,50,CS,5,4,5,5,3,4,4,1,4,2,3,2,3,2.0,1,,5,5,3,3,2.0,5,5,5,5,5,4,5,4,3,5,1,5,5,5,3,4,5,5,5,3,3,1,2,4,1,4,4,1,5,5,3,5,2,2,4,1,3,4,5,5,5,5,4,3,5,5,5,3,2,2,1,5
240,15.2.2021 8:30:33,man,62,CS,4,5,5,4,3,5,5,2,5,3,4,1,4,3.0,,,5,4,5,4,,4,5,3,3,,3,4,4,1,4,,4,4,5,3,4,4,4,4,3,3,,1,,1,3,4,,4,4,3,4,2,1,3,,3,4,4,4,5,4,3,,5,4,5,4,1,,2,3
241,5.2.2021 9:53:40,man,81,CS,5,4,5,5,2,3,3,,4,2,3,4,3,1,,1,5,3,2,2,,3,4,3,2,5,4,2,5,3,3,,4,4,2,3,5,3,3,3,2,3,,1,1,2,3,3,,3,5,2,3,2,1,4,,3,3,5,5,5,5,3,,4,4,5,3,2,,2,3
